sample_id,image_id,gt_area,surface_area,edge_area,area_delta_edge_minus_surface,change_pixels,surface_dice,edge_dice,dice_delta_edge_minus_surface
forged__54040,54040,7344,7044,32312,25268,25268,0.7142062830136224,0.33422432923138995,-0.3799819537822325
forged__33295,33295,5616,5284,26103,20819,20819,0.5110091743119266,0.2776884517166367,-0.2333207225952899
forged__44236,44236,5775,22515,41937,19422,19422,0.3904559915164369,0.24040073775989268,-0.15005525375654422
forged__9218,9218,9317,18809,37274,18465,18465,0.4004835383630804,0.33877787555536476,-0.06170566280771567
forged__20753,20753,24485,26531,43466,16935,16935,0.7505488474204172,0.6867890097275978,-0.06375983769281934
forged__27829,27829,3750,22441,38004,15563,15563,0.14317895460272612,0.10705561143842506,-0.03612334316430106
forged__56438,56438,2769,25460,41017,15557,15557,0.1224272910836374,0.11058329146302472,-0.01184399962061268
forged__569,569,34445,24810,39663,14853,14853,0.8175175090709644,0.8301937712527663,0.012676262181801845
forged__47261,47261,15600,36084,49546,13462,13462,0.4233418466062998,0.45946028919657383,0.036118442590274025
forged__62663,62663,11596,13729,24703,10974,10974,0.4565449160908194,0.49825064051351275,0.04170572442269338
forged__29935,29935,7736,12696,22755,10059,10059,0.37196554424432265,0.3590567708504149,-0.01290877339390778
forged__52396,52396,17570,18077,27730,9653,9653,0.8275591213846888,0.7389403973509934,-0.08861872403369542
forged__21034,21034,8591,11153,20182,9029,9029,0.4312196110210697,0.44430542522503735,0.01308581420396765
forged__13451,13451,20734,28446,37347,8901,8901,0.8320048800325336,0.7117301699350906,-0.12027471009744295
forged__38294,38294,4682,6935,15225,8290,8290,0.35895670138589997,0.23690159240468178,-0.12205510898121819
forged__33686,33686,6594,3959,12178,8219,8219,0.6968634511513314,0.5778819518431707,-0.11898149930816071
forged__63245,63245,8576,11608,19358,7750,7750,0.6552715021799446,0.5324693921386124,-0.12280211004133212
forged__48272,48272,8807,5849,12677,6828,6828,0.12131550218340612,0.3805622789052318,0.2592467767218257
forged__17846,17846,18234,22449,29170,6721,6721,0.6963596588255536,0.7215002953337271,0.025140636508173442
forged__5436,5436,6840,6665,13180,6515,6515,0.5004072565716401,0.4372627372627373,-0.0631445193089028
forged__62519,62519,18716,23542,29979,6437,6437,0.8184485777840882,0.7435260293664647,-0.07492254841762347
forged__24600,24600,8272,14095,20518,6423,6423,0.5120042920373765,0.5020493226814866,-0.009954969355889909
forged__27195,27195,16480,22324,28614,6290,6290,0.6909596948768169,0.6920211114560696,0.0010614165792527386
forged__1856,1856,28655,20584,26803,6219,6219,0.7514774873575824,0.8191063507519204,0.06762886339433805
forged__10458,10458,3874,7776,13779,6003,6003,0.3536480686695279,0.24709681074038406,-0.10655125792914386
forged__54000,54000,10648,28455,34458,6003,6003,0.4315269928138506,0.43368953132620935,0.002162538512358758
forged__5130,5130,5721,6916,12831,5915,5915,0.5808340587164675,0.465610176800345,-0.11522388191612254
forged__10296,10296,5698,2991,8889,5898,5898,0.36667050293474507,0.5407554671968191,0.17408496426207404
forged__18000,18000,4284,5668,11174,5506,5506,0.42865755627009644,0.3122008021736318,-0.11645675409646467
forged__46907,46907,8839,6018,11207,5189,5189,0.37369590092212424,0.5479397386012173,0.17424383767909302
forged__339,339,20490,28857,34003,5146,5146,0.7951040590106795,0.7483162975061017,-0.04678776150457775
forged__10,10,185,10096,15146,5050,5050,0.0,0.004565912204031048,0.004565912204031048
forged__1940,1940,4846,8762,13523,4761,4761,0.5445326278659612,0.4947465839185584,-0.049786043947402825
forged__44778,44778,6168,5015,9776,4761,4761,0.5384959313243316,0.38961364776718516,-0.14888228355714644
forged__33580,33580,25830,19126,23834,4708,4708,0.6143785034255717,0.6737677190721649,0.059389215646593274
forged__28645,28645,6025,3037,7727,4690,4690,0.31648642683734274,0.27486910994764396,-0.041617316889698774
forged__3110,3110,5466,6738,11425,4687,4687,0.8693870862012455,0.647208572612634,-0.22217851358861151
forged__50158,50158,12442,13639,18292,4653,4653,0.6440703960737701,0.6721546170365068,0.02808422096273666
forged__32973,32973,23284,38237,42814,4577,4577,0.7318151525495359,0.6960271112590396,-0.035788041290496286
forged__40373,40373,15479,17161,21737,4576,4576,0.8634191176470588,0.820292347377472,-0.04312677026958678
forged__14770,14770,17448,19122,23646,4524,4524,0.7399507793273175,0.742930841485375,0.0029800621580575726
forged__414,414,7496,13245,17759,4514,4514,0.5766356491972422,0.5415165313799247,-0.03511911781731747
forged__44666,44666,12180,14538,19028,4490,4490,0.684931506849315,0.7144321968725967,0.029500690023281706
forged__27061,27061,4443,7316,11755,4439,4439,0.43779232927970063,0.4822817631806396,0.04448943390093896
forged__53927,53927,6018,4189,8557,4368,4368,0.5276770843538748,0.3960205831903945,-0.13165650116348032
forged__46698,46698,8106,14020,18352,4332,4332,0.6803760282021152,0.6022375085040441,-0.07813851969807106
forged__41171,41171,3553,5316,9510,4194,4194,0.411771338369602,0.32442777309959425,-0.08734356527000775
forged__53527,53527,550,4709,8900,4191,4191,0.022818026240730177,0.04126984126984127,0.018451815029111092
forged__8733,8733,6734,16856,21006,4150,4150,0.5600678253497244,0.4852198990627253,-0.07484792628699916
forged__20833,20833,5137,6940,11011,4071,4071,0.36482570174712264,0.4217240525142433,0.05689835076712063
forged__15426,15426,8170,15045,19097,4052,4052,0.5278483738961878,0.49862471118934976,-0.029223662706838016
forged__35222,35222,14968,17049,21077,4028,4028,0.7836461879626448,0.7702039117769455,-0.013442276185699376
forged__43085,43085,4092,10569,14569,4000,4000,0.5582156742377737,0.43856170623224905,-0.11965396800552469
forged__55651,55651,3059,4947,8936,3989,3989,0.0,0.002667778240933722,0.002667778240933722
forged__36746,36746,6530,11732,15677,3945,3945,0.3697294929361516,0.32566307920925835,-0.04406641372689324
forged__4321,4321,6811,12223,16146,3923,3923,0.6393821582431438,0.5729842749488173,-0.0663978832943265
forged__899,899,4837,5689,9584,3895,3895,0.4668440053201596,0.34172387490465295,-0.12512013041550668
forged__44555,44555,4583,2386,6274,3888,3888,0.46663796814464054,0.4012158054711246,-0.06542216267351592
forged__50690,50690,3834,3408,7269,3861,3861,0.5611709472521403,0.4373592722687562,-0.12381167498338413
forged__45767,45767,2983,2796,6598,3802,3802,0.6270981138605295,0.46759210938315415,-0.15950600447737534
forged__47916,47916,9280,11665,15432,3767,3767,0.8814514203867272,0.7510521204273227,-0.13039929995940447
forged__52927,52927,4962,7266,10981,3715,3715,0.7824664703958129,0.6205858370444709,-0.16188063335134195
forged__52590,52590,3310,6393,10082,3689,3689,0.6290837885190147,0.48446833930704897,-0.14461544921196573
forged__46309,46309,2591,2767,6449,3682,3682,0.5625233296005973,0.4743362831858407,-0.08818704641475655
forged__8678,8678,1683,1950,5619,3669,3669,0.2543352601156069,0.23062174746644754,-0.023713512649159385
forged__19953,19953,9254,12159,15776,3617,3617,0.47998879185541493,0.5041949660407511,0.02420617418533616
forged__45620,45620,5565,3296,6901,3605,3605,0.5574991535944024,0.44729664687951226,-0.11020250671489012
forged__10878,10878,2158,10286,13840,3554,3554,0.3461909353905497,0.2697837229653707,-0.076407212425179
forged__44622,44622,8060,11419,14922,3503,3503,0.7443913958622106,0.6737446697415369,-0.07064672612067369
forged__54710,54710,5465,11300,14766,3466,3466,0.6286907247241277,0.5400622806583956,-0.08862844406573211
forged__35127,35127,9051,14235,17615,3380,3380,0.712101692003779,0.6682667066676667,-0.0438349853361123
forged__15733,15733,5332,8601,11866,3265,3265,0.634608483456542,0.5535527386905454,-0.08105574476599653
forged__16866,16866,14375,17309,20562,3253,3253,0.6877919454614316,0.6992586655980766,0.011466720136644959
forged__50419,50419,21305,7887,11071,3184,3184,0.5403535215127432,0.6693229552755128,0.1289694337627696
forged__28283,28283,5844,4451,7623,3172,3172,0.5639630888780962,0.6182520234647657,0.0542889345866695
forged__51552,51552,7304,4308,7428,3120,3120,0.6725800895625216,0.6711919630735813,-0.0013881264889402667
forged__48836,48836,4112,8599,11681,3082,3082,0.5458264495319015,0.47109478883049455,-0.07473166070140697
forged__42461,42461,4854,6400,9478,3078,3078,0.513595166163142,0.4546469439017583,-0.05894822226138374
forged__39944,39944,8825,13544,16585,3041,3041,0.688095131655416,0.6487209759937033,-0.03937415566171276
forged__6103,6103,4212,9627,12603,2976,2976,0.5811113519762988,0.4997918525126375,-0.0813194994636613
forged__44829,44829,11328,59695,62670,2975,2975,0.31496839052138037,0.306116381523825,-0.008852008997555394
forged__21728,21728,14101,13749,16720,2971,2971,0.9009694793536804,0.87855682813666,-0.022412651217020407
forged__2305,2305,6968,9272,12207,2935,2935,0.6020935960591133,0.5767926988265971,-0.025300897232516162
forged__34211,34211,7932,5769,8683,2914,2914,0.6238960659805853,0.6420704182967198,0.018174352316134512
forged__55072,55072,5566,9394,12281,2887,2887,0.6532085561497326,0.6182551689359557,-0.03495338721377694
forged__23357,23357,3542,6941,9812,2871,2871,0.35123533339692836,0.31541111277519845,-0.03582422062172991
forged__39299,39299,5234,339,3196,2857,2857,0.0,0.0045077105575326215,0.0045077105575326215
forged__40828,40828,3150,7772,10599,2827,2827,0.29756454861746934,0.24496327005600407,-0.052601278561465264
forged__26435,26435,4732,5186,7982,2796,2796,0.538213349465618,0.5095170677992764,-0.02869628166634164
forged__53404,53404,4100,11094,13854,2760,2760,0.5075687771488746,0.4508187590509079,-0.056750018097966703
forged__52298,52298,4507,1956,4713,2757,2757,0.49388828717313943,0.7726681127982646,0.2787798256251252
forged__2228,2228,3738,1270,4021,2751,2751,0.0,0.013403789148086093,0.013403789148086093
forged__63947,63947,10715,8110,10854,2744,2744,0.8089243027888446,0.8397236775001159,0.030799374711271255
forged__34415,34415,9540,17429,20156,2727,2727,0.6401423857021025,0.6142241379310345,-0.025918247771067993
forged__23527,23527,7118,11734,14450,2716,2716,0.6796095904943773,0.6266691394658753,-0.05294045102850198
forged__36295,36295,3860,8747,11443,2696,2696,0.5839612913460775,0.4958504868326472,-0.08811080451343034
forged__33053,33053,9728,2982,5676,2694,2694,0.35106215578284816,0.48818488704232665,0.1371227312594785
forged__59617,59617,11798,19697,22370,2673,2673,0.7424035561200191,0.6898852727698431,-0.05251828335017594
forged__10408,10408,5968,4173,6836,2663,2663,0.6064490681392367,0.633708216182443,0.027259148043206283
forged__37856,37856,4267,1435,4093,2658,2658,0.0,0.0016746411483253589,0.0016746411483253589
forged__38913,38913,4845,11840,14443,2603,2603,0.4908600539406653,0.47542513479883863,-0.015434919141826653
forged__55695,55695,11356,2494,5095,2601,2601,0.3540794223826715,0.5833080055923652,0.2292285832096937
forged__45878,45878,2542,7884,10451,2567,2567,0.12219451371571072,0.19887631801739397,0.07668180430168325
forged__16647,16647,12641,18278,20831,2553,2553,0.687344351369708,0.6875597514340345,0.0002154000643265208
forged__34873,34873,3721,6591,9136,2545,2545,0.3847944142746315,0.33600373337481526,-0.04879068089981625
forged__5220,5220,5648,4572,7082,2510,2510,0.6454011741682975,0.6138256087981147,-0.0315755653701828
forged__52050,52050,410,3691,6191,2500,2500,0.07851743477200683,0.060899863657021665,-0.017617571114985166
forged__49982,49982,4633,4209,6701,2492,2492,0.6337932594435648,0.5719075348508911,-0.06188572459267372
forged__30217,30217,7330,14882,17339,2457,2457,0.6043580046821538,0.577566986906644,-0.02679101777550985
forged__4957,4957,6588,5972,8422,2450,2450,0.3522292993630573,0.42811459027315124,0.07588529091009394
forged__22155,22155,2202,3615,6042,2427,2427,0.3912669761045212,0.28360019408054343,-0.10766678202397778
forged__7411,7411,5712,14150,16542,2392,2392,0.5468734266438425,0.504089152511908,-0.04278427413193453
forged__54870,54870,5830,822,3191,2369,2369,0.005411906193625977,0.31570779292761336,0.3102958867339874
forged__29482,29482,1706,2278,4630,2352,2352,0.5858433734939759,0.5,-0.08584337349397586
forged__28245,28245,10868,8838,11182,2344,2344,0.864406779661017,0.9068480725623583,0.042441292901341354
forged__32535,32535,1536,838,3166,2328,2328,0.22072451558550968,0.2535091450446618,0.03278462945915214
forged__34036,34036,6534,12520,14834,2314,2314,0.5962002729085756,0.5865780606514414,-0.009622212257134222
forged__7715,7715,4198,5523,7822,2299,2299,0.49192469910503034,0.4720465890183028,-0.01987811008672752
forged__8259,8259,4139,6204,8495,2291,2291,0.6754326597698926,0.5975937945227164,-0.0778388652471762
forged__18995,18995,6468,12107,14390,2283,2283,0.6659488559892328,0.6125227730367245,-0.05342608295250828
forged__58338,58338,5133,13035,15314,2279,2279,0.5566930867459269,0.49943757030371205,-0.05725551644221483
forged__19593,19593,3621,2041,4312,2271,2271,0.6467679265277287,0.5145594352703895,-0.13220849125733924
forged__31468,31468,4483,10868,13137,2269,2269,0.4500032571168002,0.43496027241770713,-0.015042984699093098
forged__19728,19728,1962,975,3238,2263,2263,0.2948586993530814,0.33,0.035141300646918616
forged__33343,33343,5165,8185,10437,2252,2252,0.5026217228464419,0.5349314190488399,0.032309696202397986
forged__18440,18440,3839,4897,7137,2240,2240,0.4571886446886447,0.41964285714285715,-0.03754578754578752
forged__48981,48981,7126,17340,19576,2236,2236,0.555301234366059,0.5257284098569396,-0.029572824509119466
forged__62249,62249,321,5562,7793,2231,2231,0.0,0.010845452304658615,0.010845452304658615
forged__59840,59840,4823,3694,5915,2221,2221,0.7399319009040742,0.7036692121437884,-0.03626268876028582
forged__21264,21264,9300,13955,16136,2181,2181,0.5963448720705224,0.5872778738795408,-0.009066998190981668
forged__32201,32201,4004,3151,5285,2134,2134,0.5439552760307478,0.426741306922166,-0.11721396910858178
forged__11206,11206,6793,8801,10919,2118,2118,0.7374631268436578,0.7236901535682023,-0.013772973275455458
forged__42385,42385,5205,5839,7943,2104,2104,0.8419051068453459,0.7750228171585032,-0.06688228968684273
forged__16703,16703,1896,2182,4281,2099,2099,0.4634624816086317,0.3357616966164805,-0.1277007849921512
forged__64128,64128,9135,12361,14444,2083,2083,0.47450688500186083,0.5171550956359472,0.04264821063408636
forged__20270,20270,4398,3370,5444,2074,2074,0.7229660144181257,0.6441780125990653,-0.07878800181906043
forged__43285,43285,3864,2255,4301,2046,2046,0.6350710900473934,0.5856705450091856,-0.04940054503820779
forged__1536,1536,4710,5549,7591,2042,2042,0.8895603860025344,0.76042598162751,-0.12913440437502444
forged__54152,54152,4434,11624,13648,2024,2024,0.2885789014821273,0.29211370423625704,0.003534802754129762
forged__32398,32398,5200,4256,6258,2002,2002,0.616751269035533,0.6919183103508466,0.0751670413153136
forged__13020,13020,9636,7690,9688,1998,1998,0.8793720420177767,0.934899606706686,0.05552756468890929
forged__35744,35744,5259,10034,12012,1978,1978,0.3419865297848689,0.3418447107868682,-0.00014181899800069786
forged__8874,8874,1983,19375,21350,1975,1975,0.13578050379248993,0.1491449877855398,0.013364483993049875
forged__2290,2290,5206,4268,6240,1972,1972,0.5625923580325101,0.5110955792416565,-0.05149677879085357
forged__58081,58081,3803,9056,11008,1952,1952,0.3805894704098297,0.3778272905273108,-0.0027621798825189225
forged__54527,54527,9583,9432,11371,1939,1939,0.8883513016039969,0.8480481053736757,-0.04030319623032119
forged__6419,6419,5000,9588,11499,1911,1911,0.6094049904030711,0.600278804776047,-0.009126185627024053
forged__12793,12793,7206,13338,15249,1911,1911,0.645541277258567,0.6249832999331998,-0.020557977325367238
forged__39737,39737,4786,12320,14222,1902,1902,0.5267157722436572,0.49189814814814814,-0.03481762409550904
forged__24676,24676,7304,11576,13476,1900,1900,0.3850635593220339,0.3826756496631376,-0.0023879096588962923
forged__26148,26148,11051,14202,16098,1896,1896,0.8159822595335208,0.7931047184058345,-0.02287754112768625
forged__31834,31834,2460,2124,3964,1840,1840,0.7757417102966842,0.6267123287671232,-0.1490293815295609
forged__34597,34597,5509,12734,14550,1816,1816,0.5312722688154361,0.5226581584326238,-0.008614110382812346
forged__23904,23904,10102,14828,16637,1809,1809,0.7574809466506217,0.7410149968211227,-0.016465949829499005
forged__20587,20587,10237,14282,16082,1800,1800,0.7236021044903952,0.7269273148675861,0.0033252103771909125
forged__57643,57643,6063,13578,15363,1785,1785,0.5789929229672623,0.5549332586577056,-0.02405966430955675
forged__61997,61997,2258,2214,3998,1784,1784,0.4597495527728086,0.43158567774936063,-0.02816387502344797
forged__8074,8074,14693,12941,14685,1744,1744,0.6101179706159079,0.6576349649397508,0.04751699432384293
forged__28014,28014,4454,13066,14808,1742,1742,0.4874429223744292,0.45436610943827227,-0.03307681293615694
forged__10176,10176,9577,15993,17706,1713,1713,0.709972624168948,0.6868013048418429,-0.023171319327105144
forged__19633,19633,10852,11830,13541,1711,1711,0.9027422625870735,0.8750051244209405,-0.02773713816613299
forged__57328,57328,6278,13231,14934,1703,1703,0.6094622994515352,0.5786347350556289,-0.03082756439590628
forged__31725,31725,1545,2015,3712,1697,1697,0.7101123595505618,0.5622978885295796,-0.14781447102098222
forged__13670,13670,7490,18261,19957,1696,1696,0.5366781872548639,0.5266149305935075,-0.010063256661356434
forged__64391,64391,2359,1504,3176,1672,1672,0.6388816981620502,0.5134598012646793,-0.12542189689737093
forged__17625,17625,1074,1637,3296,1659,1659,0.1468092954629288,0.2979405034324943,0.15113120796956547
forged__29229,29229,12904,20764,22422,1658,1658,0.7298324818819056,0.7223008548944121,-0.007531626987493545
forged__16219,16219,6302,12745,14394,1649,1649,0.6314905234420118,0.5966370313103981,-0.034853492131613706
forged__44171,44171,3622,4385,6027,1642,1642,0.0,0.0,0.0
forged__16960,16960,5370,12352,13991,1639,1639,0.5173231012301095,0.5261091885749704,0.00878608734486086
forged__49711,49711,2703,345,1983,1638,1638,0.15485564304461943,0.22321809645753307,0.06836245341291364
forged__39875,39875,3223,6059,7693,1634,1634,0.5565610859728507,0.5196042506412606,-0.03695683533159011
forged__16294,16294,8640,10882,12499,1617,1617,0.8817744083597993,0.8174464260371824,-0.06432798232261683
forged__11513,11513,2631,1235,2838,1603,1603,0.40713916192446975,0.5244103126714207,0.11727115074695094
forged__34306,34306,6249,7087,8688,1601,1601,0.9181163767246551,0.8359108254669613,-0.0822055512576938
forged__28965,28965,2337,1830,3430,1600,1600,0.4962802975761939,0.44459857811687187,-0.05168171945932204
forged__58593,58593,3071,5138,6730,1592,1592,0.36886344256304054,0.3130292827262524,-0.05583415983678813
forged__46500,46500,1890,475,2064,1589,1589,0.0,0.0,0.0
forged__24850,24850,8325,5153,6742,1589,1589,0.5983083543552455,0.5430410831618769,-0.055267271193368606
forged__60986,60986,7952,7134,8721,1587,1587,0.8537717088691502,0.8629520782102801,0.009180369341129868
forged__28412,28412,8315,11577,13162,1585,1585,0.7936859038809572,0.7602551566792383,-0.0334307472017189
forged__17754,17754,4571,3336,4916,1580,1580,0.4502339699000885,0.4498787814904606,-0.00035518840962789344
forged__32884,32884,1183,1652,3208,1556,1556,0.37954144620811286,0.281940332498292,-0.09760111370982089
forged__42035,42035,3101,6337,7893,1556,1556,0.6111464293282475,0.5470256503547389,-0.06412077897350854
forged__32139,32139,6894,4650,6201,1551,1551,0.7557172557172557,0.7546391752577319,-0.0010780804595237337
forged__13893,13893,4607,5563,7103,1540,1540,0.4534906588003933,0.4606319385140905,0.007141279713697213
forged__29736,29736,5102,8509,10033,1524,1524,0.5811476012049078,0.592798149983482,0.011650548778574188
forged__15269,15269,5811,7376,8897,1521,1521,0.7880488359748237,0.7549632852869187,-0.033085550687904974
forged__56793,56793,9433,14692,16205,1513,1513,0.6842694300518135,0.6851548482720962,0.0008854182202826522
forged__35829,35829,2987,1609,3121,1512,1512,0.6222802436901653,0.48493778650949576,-0.13734245718066956
forged__37942,37942,7721,9764,11273,1509,1509,0.8479267943951959,0.804359271348847,-0.04356752304634892
forged__41697,41697,1025,497,1997,1500,1500,0.5479632063074902,0.5195234943745863,-0.028439711932903844
forged__55790,55790,9205,1291,2781,1490,1490,0.24028201219512196,0.40113465709994994,0.16085264490482798
forged__14114,14114,9550,11519,13006,1487,1487,0.6504342873415919,0.6721936513566236,0.021759364015031646
forged__4845,4845,1984,1548,3034,1486,1486,0.4563986409966025,0.5460342766042248,0.08963563560762228
forged__8388,8388,7266,12435,13906,1471,1471,0.6345870767981321,0.6347062157566598,0.00011913895852766476
forged__40033,40033,3466,4025,5476,1451,1451,0.7248698438125751,0.6973831357638113,-0.027486708048763853
forged__37903,37903,1110,651,2087,1436,1436,0.5917092561044861,0.33343759774788867,-0.25827165835659743
forged__15860,15860,2931,2056,3490,1434,1434,0.7663926208141167,0.6397757358666875,-0.1266168849474293
forged__30871,30871,775,1341,2774,1433,1433,0.29300567107750475,0.2406311637080868,-0.052374507369417955
forged__33985,33985,11267,15559,16901,1342,1342,0.7827480802206814,0.7855722806021017,0.002824200381420283
forged__22456,22456,506,175,1511,1336,1336,0.0,0.0019831432821021317,0.0019831432821021317
forged__60457,60457,5368,8351,9686,1335,1335,0.7131715139587433,0.689916301315265,-0.023255212643478296
forged__35069,35069,2829,3200,4524,1324,1324,0.0,0.0,0.0
forged__21851,21851,2561,3024,4335,1311,1311,0.48236347358997317,0.4689675174013921,-0.013395956188581082
forged__44020,44020,545,931,2234,1303,1303,0.0,0.0,0.0
forged__41517,41517,6019,9990,11289,1299,1299,0.7112249359735149,0.6833834065172175,-0.027841529456297365
forged__60829,60829,811,106,1389,1283,1283,0.15485278080697928,0.3090909090909091,0.1542381282839298
forged__17493,17493,11353,13280,14550,1270,1270,0.9183615475175577,0.8765780025479675,-0.04178354496959025
forged__4740,4740,4484,9187,10448,1261,1261,0.6132689634993782,0.5905437985534423,-0.022725164945935905
forged__46849,46849,2313,623,1868,1245,1245,0.035422343324250684,0.2535278641473332,0.21810552082308252
forged__22565,22565,577,1755,2999,1244,1244,0.4485420240137221,0.31767337807606266,-0.13086864593765946
forged__1879,1879,3024,3514,4749,1235,1235,0.8112572652187213,0.7515759680946867,-0.05968129712403458
forged__23143,23143,5999,2928,4156,1228,1228,0.498487733841156,0.551452486459872,0.05296475261871597
forged__23460,23460,4993,2257,3463,1206,1206,0.6226206896551724,0.815515610217597,0.19289492056242463
forged__5385,5385,329,383,1585,1202,1202,0.0,0.09195402298850575,0.09195402298850575
forged__53248,53248,1922,1061,2263,1202,1202,0.6463291987931612,0.5304659498207885,-0.11586324897237266
forged__51345,51345,2969,4609,5798,1189,1189,0.7067827922934812,0.6640812136420668,-0.04270157865141433
forged__5270,5270,2346,7056,8241,1185,1185,0.414167198468411,0.41163691319542833,-0.0025302852729826575
forged__3228,3228,4696,7358,8533,1175,1175,0.36552181848349097,0.3670723410688639,0.0015505225853729154
forged__43915,43915,1346,821,1963,1142,1142,0.3534840793724042,0.31429434874584466,-0.03918973062655956
forged__39366,39366,2899,1572,2700,1128,1128,0.0,0.0,0.0
forged__25124,25124,1696,764,1891,1127,1127,0.043089430894308944,0.45664901031502647,0.4135595794207175
forged__51718,51718,1995,554,1674,1120,1120,0.0,0.05560098119378577,0.05560098119378577
forged__4222,4222,12297,14223,15341,1118,1118,0.9265460030165913,0.889861784499602,-0.03668421851698933
forged__57927,57927,7002,13726,14838,1112,1112,0.672327286761868,0.6412087912087913,-0.031118495553076775
forged__12262,12262,991,369,1469,1100,1100,0.07941176470588235,0.2975609756097561,0.21814921090387374
forged__6011,6011,3604,482,1570,1088,1088,0.041605482134116495,0.21066872825666796,0.16906324612255147
forged__56311,56311,977,637,1723,1086,1086,0.0,0.01037037037037037,0.01037037037037037
forged__51165,51165,1181,1358,2440,1082,1082,0.22922410397794407,0.23750345208505938,0.008279348107115309
forged__44420,44420,1520,848,1929,1081,1081,0.47550675675675674,0.4146129312844303,-0.06089382547232647
forged__12572,12572,797,254,1318,1064,1064,0.42435775451950525,0.28463356973995274,-0.1397241847795525
forged__12879,12879,5171,2420,3481,1061,1061,0.6051903570017125,0.5936199722607489,-0.011570384740963613
forged__59148,59148,1834,938,1985,1047,1047,0.5988455988455988,0.5467399842890809,-0.052105614556517965
forged__15940,15940,2914,799,1838,1039,1039,0.37489900350121197,0.36363636363636365,-0.011262639864848323
forged__41830,41830,2739,7186,8223,1037,1037,0.5059949622166247,0.48348841452289726,-0.022506547693727397
forged__11964,11964,3422,2714,3750,1036,1036,0.7141460234680573,0.6388733965421082,-0.07527262692594916
forged__46366,46366,4790,4368,5392,1024,1024,0.6776588774841669,0.7092909055195443,0.03163202803537746
forged__55175,55175,10998,12953,13976,1023,1023,0.8715293724687905,0.8676223272203091,-0.0039070452484814
forged__54945,54945,3949,665,1684,1019,1019,0.16905071521456436,0.3277116989170957,0.15866098370253132
forged__50907,50907,5024,3094,4102,1008,1008,0.4158659768415866,0.512382204689897,0.09651622784831043
forged__45004,45004,862,423,1422,999,999,0.14941634241245136,0.14886164623467601,-0.0005546961777753434
forged__38256,38256,3758,164,1154,990,990,0.08210096889342172,0.24552117263843648,0.16342020374501476
forged__48207,48207,10315,5,995,990,990,0.0009689922480620155,0.10875331564986737,0.10778432340180535
forged__11356,11356,2365,1377,2357,980,980,0.5430251202565473,0.6514188903007201,0.10839377004417283
forged__64289,64289,1489,892,1864,972,972,0.5535489290214196,0.49448255293766774,-0.05906637608375187
forged__64941,64941,3575,687,1656,969,969,0.32097606757390895,0.5004779200917606,0.17950185251785167
forged__38996,38996,458,103,1071,968,968,0.0,0.0,0.0
forged__32722,32722,1734,222,1179,957,957,0.0,0.04394095434260213,0.04394095434260213
forged__35586,35586,9366,15797,16734,937,937,0.7301196200770973,0.714176245210728,-0.01594337486636932
forged__61270,61270,4215,2594,3530,936,936,0.6658833896313703,0.6316333118140736,-0.03425007781729672
forged__5080,5080,4265,3836,4758,922,922,0.6636217750894952,0.6740551922863792,0.010433417196884065
forged__47770,47770,2565,733,1639,906,906,0.4323832625833839,0.6003805899143673,0.16799732733098338
forged__20800,20800,4424,1379,2279,900,900,0.3587799414096157,0.34044457705505,-0.01833536435456573
forged__27586,27586,1665,1217,2112,895,895,0.6814712005551701,0.6841408525284618,0.00266965197329172
forged__5626,5626,1712,1310,2204,894,894,0.499669093315685,0.39683350357507663,-0.10283558974060836
forged__29129,29129,2667,1865,2753,888,888,0.5436893203883495,0.45571955719557194,-0.08796976319277755
forged__56589,56589,7917,9428,10315,887,887,0.8226001729605074,0.8316147433084686,0.00901457034796127
forged__30715,30715,480,770,1636,866,866,0.3488,0.3950850661625709,0.04628506616257089
forged__12150,12150,1167,4,850,846,846,0.0,0.0,0.0
forged__36010,36010,128,231,1076,845,845,0.0,0.0,0.0
forged__58180,58180,259,72,909,837,837,0.0,0.0,0.0
forged__31336,31336,531,699,1534,835,835,0.33495934959349594,0.3273607748184019,-0.007598574775094014
forged__37400,37400,959,113,920,807,807,0.0,0.023416711016498136,0.023416711016498136
forged__16534,16534,1230,312,1114,802,802,0.39040207522697795,0.4718430034129693,0.08144092818599136
forged__31077,31077,709,971,1765,794,794,0.3392857142857143,0.39773645917542444,0.05845074488971014
forged__24332,24332,9538,10512,11306,794,794,0.9206982543640898,0.9011706006524659,-0.019527653711623905
forged__4371,4371,10891,741,1532,791,791,0.0,0.03686710134428077,0.03686710134428077
forged__61725,61725,4986,1925,2713,788,788,0.0,0.0,0.0
forged__6800,6800,2128,773,1550,777,777,0.5205101689072733,0.43665035345296355,-0.08385981545430976
forged__24381,24381,1008,82,855,773,773,0.0,0.0021470746108427268,0.0021470746108427268
forged__22797,22797,1240,196,961,765,765,0.2618384401114206,0.33984552476147206,0.07800708465005146
forged__3751,3751,706,724,1469,745,745,0.5776223776223777,0.4845977011494253,-0.09302467647295237
forged__61566,61566,1820,966,1709,743,743,0.5412778176597272,0.7163502408614338,0.17507242320170668
forged__57239,57239,3066,1787,2514,727,727,0.7245003090871626,0.6899641577060932,-0.03453615138106936
forged__51927,51927,3878,415,1141,726,726,0.1914744933612858,0.3458856345885635,0.15441114122727767
forged__41024,41024,3100,3351,4066,715,715,0.7949155169741126,0.8152386268490092,0.020323109874896605
forged__41600,41600,1165,1691,2405,714,714,0.5021008403361344,0.550140056022409,0.04803921568627456
forged__12364,12364,3766,4727,5431,704,704,0.886612504415401,0.8189627052299663,-0.06764979918543468
forged__10951,10951,3348,3543,4243,700,700,0.9209113336235669,0.8786721117112369,-0.04223922191232998
forged__39099,39099,268,566,1261,695,695,0.3117505995203837,0.2812295618051014,-0.030521037715282306
forged__28195,28195,134,1898,2591,693,693,0.0,0.01834862385321101,0.01834862385321101
forged__25003,25003,300,668,1359,691,691,0.1756198347107438,0.161543098251959,-0.014076736458784794
forged__30917,30917,2262,0,681,681,681,0.0,0.0,0.0
forged__16161,16161,531,454,1131,677,677,0.4040609137055838,0.4993983152827918,0.09533740157720805
forged__20103,20103,559,939,1603,664,664,0.4152202937249666,0.33580018501387604,-0.07942010871109056
forged__58955,58955,1304,774,1436,662,662,0.699711260827719,0.7364963503649635,0.036785089537244575
forged__298,298,9630,0,647,647,647,0.0,0.07044857448671792,0.07044857448671792
forged__29663,29663,630,118,763,645,645,0.0,0.0,0.0
forged__5772,5772,955,1074,1710,636,636,0.3430261212419911,0.4270168855534709,0.08399076431147978
forged__19847,19847,1304,998,1634,636,636,0.2988705473501303,0.36147038801906056,0.06259984066893026
forged__24937,24937,809,1006,1639,633,633,0.5950413223140496,0.5947712418300654,-0.00027008048398424744
forged__26492,26492,4273,8148,8776,628,628,0.6786893164801546,0.6547628170741053,-0.023926499406049295
forged__58782,58782,4176,2234,2861,627,627,0.4124804992199688,0.5070342475486713,0.0945537483287025
forged__51069,51069,1036,2280,2905,625,625,0.0,0.0,0.0
forged__6454,6454,984,257,878,621,621,0.0,0.09452201933404941,0.09452201933404941
forged__57085,57085,953,91,702,611,611,0.05938697318007663,0.28882175226586104,0.2294347790857844
forged__9849,9849,3391,1799,2410,611,611,0.6115606936416185,0.6726426478193415,0.061081954177723
forged__13123,13123,158,2042,2650,608,608,0.0,0.0,0.0
forged__47069,47069,4378,1573,2181,608,608,0.5017644093429676,0.48635462722976064,-0.015409782113206982
forged__63713,63713,116,743,1314,571,571,0.14668218859138532,0.1034965034965035,-0.043185685094881826
forged__65311,65311,12705,0,569,569,569,0.0,0.059514841042639745,0.059514841042639745
forged__14988,14988,847,1241,1807,566,566,0.5574712643678161,0.5795026375282593,0.022031373160443124
forged__12446,12446,1033,436,997,561,561,0.4914908100748809,0.45517241379310347,-0.03631839628177741
forged__40919,40919,5354,5976,6530,554,554,0.8886142983230362,0.8845506563446651,-0.0040636419783710576
forged__47030,47030,1181,519,1062,543,543,0.0,0.0,0.0
forged__25388,25388,7910,0,541,541,541,0.0,0.07218080700508815,0.07218080700508815
forged__22046,22046,1912,369,909,540,540,0.0,0.051045728465083304,0.051045728465083304
forged__30045,30045,6076,6325,6864,539,539,0.9433110233045722,0.9253477588871716,-0.017963264417400593
forged__6508,6508,4486,5190,5725,535,535,0.8584125671765193,0.8557438056997356,-0.002668761476783632
forged__31942,31942,705,653,1187,534,534,0.5051546391752577,0.5454545454545454,0.0402999062792877
forged__4022,4022,873,379,908,529,529,0.4712460063897764,0.4480628860190904,-0.023183120370685983
forged__37735,37735,1453,896,1424,528,528,0.6019582801191996,0.5039972193256865,-0.09796106079351308
forged__15579,15579,558,996,1519,523,523,0.3436293436293436,0.3476167549350024,0.003987411305658772
forged__59453,59453,6783,40,551,511,511,0.01172504763300601,0.07581128988273793,0.06408624224973192
forged__62793,62793,1517,149,654,505,505,0.0,0.10225702441271303,0.10225702441271303
forged__20490,20490,1159,0,501,501,501,0.0,0.060240963855421686,0.060240963855421686
forged__29464,29464,296,491,990,499,499,0.6302414231257941,0.4572317262830482,-0.17300969684274592
forged__61883,61883,1097,1384,1872,488,488,0.7496977025392987,0.7032670932974066,-0.04643060924189213
forged__50539,50539,615,692,1179,487,487,0.42387146136189746,0.5005574136008919,0.07668595223899444
forged__770,770,1026,81,568,487,487,0.0,0.056461731493099125,0.056461731493099125
forged__42742,42742,461,619,1094,475,475,0.5259259259259259,0.5196141479099678,-0.006311778015958058
forged__36949,36949,4134,856,1324,468,468,0.32905811623246495,0.3755954562110663,0.04653733997860138
forged__40519,40519,301,458,924,466,466,0.3820816864295125,0.3004081632653061,-0.0816735231642064
forged__12629,12629,263,384,843,459,459,0.0,0.0,0.0
forged__63654,63654,496,1255,1709,454,454,0.0,0.0,0.0
forged__26329,26329,551,298,745,447,447,0.4122497055359246,0.49691358024691357,0.08466387471098896
forged__60046,60046,292,0,446,446,446,0.0,0.0,0.0
forged__30354,30354,391,830,1275,445,445,0.5077805077805078,0.44057623049219685,-0.06720427728831091
forged__38699,38699,297,464,898,434,434,0.4467805519053876,0.4100418410041841,-0.03673871090120351
forged__39625,39625,514,762,1196,434,434,0.2993730407523511,0.3064327485380117,0.007059707785660618
forged__4045,4045,411,337,764,427,427,0.10962566844919786,0.20085106382978724,0.09122539538058938
forged__36707,36707,764,558,972,414,414,0.7518910741301059,0.7857142857142857,0.03382321158417978
forged__7004,7004,1067,559,970,411,411,0.5018450184501845,0.616593028964163,0.11474801051397854
forged__13603,13603,381,127,537,410,410,0.32677165354330706,0.33769063180827885,0.01091897826497179
forged__38136,38136,620,825,1232,407,407,0.3653979238754325,0.49352051835853133,0.12812259448309882
forged__5967,5967,1836,137,544,407,407,0.0,0.0,0.0
forged__45182,45182,1869,1262,1666,404,404,0.7480038326413286,0.8288543140028288,0.08085048136150019
forged__42289,42289,430,8,404,396,396,0.0,0.1630695443645084,0.1630695443645084
forged__41080,41080,4516,43,436,393,393,0.018863785917964466,0.1518578352180937,0.13299404930012923
forged__21540,21540,392,914,1305,391,391,0.4793261868300153,0.44431349440188567,-0.035012692428129655
forged__28496,28496,158,12,401,389,389,0.058823529411764705,0.25402504472271914,0.19520151531095442
forged__53157,53157,2842,1366,1754,388,388,0.589828897338403,0.5974760661444735,0.007647168806070415
forged__25458,25458,348,536,916,380,380,0.5090497737556561,0.48417721518987344,-0.024872558565782632
forged__16590,16590,1686,525,899,374,374,0.0,0.010058027079303675,0.010058027079303675
forged__50255,50255,628,603,972,369,369,0.5735174654752234,0.605,0.03148253452477656
forged__49042,49042,1190,7,376,369,369,0.0,0.001277139208173691,0.001277139208173691
forged__49506,49506,187,0,367,367,367,0.0,0.18050541516245489,0.18050541516245489
forged__30494,30494,1395,171,536,365,365,0.0,0.0,0.0
forged__48113,48113,234,516,876,360,360,0.448,0.3801801801801802,-0.06781981981981983
forged__31262,31262,395,85,442,357,357,0.24583333333333332,0.4038231780167264,0.15798984468339308
forged__28878,28878,1772,559,914,355,355,0.4796224796224796,0.6693968726731199,0.18977439305064026
forged__6932,6932,3684,904,1258,354,354,0.2951176983435048,0.2751922298664508,-0.01992546847705401
forged__10632,10632,324,373,725,352,352,0.6628407460545194,0.5776930409914204,-0.08514770506309899
forged__633,633,316,177,528,351,351,0.0,0.0,0.0
forged__6696,6696,480,724,1075,351,351,0.46179401993355484,0.4077170418006431,-0.054076978132911735
forged__51227,51227,580,692,1040,348,348,0.5754716981132075,0.6037037037037037,0.028232005590496212
forged__52798,52798,754,542,890,348,348,0.5169753086419753,0.5462287104622872,0.029253401820311886
forged__26035,26035,161,29,371,342,342,0.1368421052631579,0.22932330827067668,0.09248120300751878
forged__43810,43810,555,436,778,342,342,0.4682139253279516,0.6061515378844711,0.13793761255651948
forged__9568,9568,3701,760,1100,340,340,0.3017260703878054,0.3720058321183087,0.07027976173050327
forged__45310,45310,314,251,587,336,336,0.6442477876106195,0.5771365149833518,-0.06711127262726768
forged__19130,19130,726,84,420,336,336,0.0,0.0,0.0
forged__41895,41895,89,48,379,331,331,0.583941605839416,0.34615384615384615,-0.23778775968556987
forged__2177,2177,1263,20,351,331,331,0.0,0.0,0.0
forged__63834,63834,2919,238,564,326,326,0.15077605321507762,0.29399942578237154,0.14322337256729392
forged__45133,45133,660,670,994,324,324,0.6195488721804512,0.6783555018137848,0.05880662963333361
forged__25981,25981,132,342,665,323,323,0.3628691983122363,0.27854454203262236,-0.08432465627961394
forged__2450,2450,2817,2736,3059,323,323,0.9393120835584369,0.9336283185840708,-0.005683764974366068
forged__55949,55949,540,631,943,312,312,0.0,0.0,0.0
forged__23726,23726,663,0,308,308,308,0.0,0.0,0.0
forged__44311,44311,218,49,356,307,307,0.0449438202247191,0.30313588850174217,0.25819206827702307
forged__35018,35018,331,469,776,307,307,0.395,0.42276422764227645,0.02776422764227643
forged__22182,22182,4144,0,303,303,303,0.0,0.133123454013942,0.133123454013942
forged__10742,10742,334,432,725,293,293,0.46736292428198434,0.4003777148253069,-0.06698520945667746
forged__19281,19281,531,150,438,288,288,0.44052863436123346,0.5366357069143447,0.09610707255311124
forged__57505,57505,38,13,300,287,287,0.0,0.10059171597633136,0.10059171597633136
forged__11854,11854,428,157,444,287,287,0.48547008547008547,0.5963302752293578,0.11086018975927231
forged__24218,24218,1221,628,911,283,283,0.6122228231476474,0.6585365853658537,0.04631376221820627
forged__6212,6212,1441,599,881,282,282,0.5774509803921568,0.661498708010336,0.08404772761817914
forged__11662,11662,470,859,1136,277,277,0.618510158013544,0.5815691158156912,-0.03694104219785288
forged__38456,38456,358,305,580,275,275,0.6153846153846154,0.4669509594882729,-0.1484336558963425
forged__65399,65399,173,253,527,274,274,0.3286384976525822,0.3485714285714286,0.019932930918846403
forged__60195,60195,775,703,975,272,272,0.8633288227334236,0.8365714285714285,-0.026757394161995074
forged__31218,31218,330,452,723,271,271,0.37084398976982097,0.2943969610636277,-0.07644702870619324
forged__9977,9977,1339,452,718,266,266,0.47794528196538244,0.5085075352455032,0.030562253280120744
forged__57824,57824,2470,546,811,265,265,0.0,0.0,0.0
forged__43368,43368,352,528,791,263,263,0.25227272727272726,0.3447069116360455,0.09243418436331824
forged__17245,17245,536,194,454,260,260,0.4465753424657534,0.4707070707070707,0.024131728241317263
forged__37280,37280,1122,0,255,255,255,0.0,0.0014524328249818446,0.0014524328249818446
forged__14436,14436,1928,1057,1312,255,255,0.6385259631490787,0.5907407407407408,-0.047785222408337935
forged__14829,14829,385,193,443,250,250,0.5017301038062284,0.5845410628019324,0.08281095899570401
forged__29593,29593,1611,0,249,249,249,0.0,0.0,0.0
forged__56723,56723,548,16,264,248,248,0.04964539007092199,0.42610837438423643,0.37646298431331443
forged__7771,7771,705,0,245,245,245,0.0,0.22526315789473683,0.22526315789473683
forged__27896,27896,129,115,358,243,243,0.29508196721311475,0.20944558521560575,-0.085636381997509
forged__36597,36597,821,429,671,242,242,0.6464,0.5710455764075067,-0.07535442359249322
forged__65532,65532,62,22,262,240,240,0.0,0.0,0.0
forged__50636,50636,235,48,287,239,239,0.3250883392226148,0.4521072796934866,0.12701894047087176
forged__22337,22337,1444,1030,1266,236,236,0.7566693613581245,0.7557195571955719,-0.0009498041625525255
forged__20920,20920,354,229,464,235,235,0.5660377358490566,0.5843520782396088,0.018314342390552185
forged__14070,14070,6358,143,377,234,234,0.0,0.0,0.0
forged__6407,6407,180,200,432,232,232,0.45263157894736844,0.4215686274509804,-0.031062951496388047
forged__20379,20379,319,497,728,231,231,0.6102941176470589,0.5444126074498568,-0.06588151019720212
forged__13333,13333,589,419,645,226,226,0.6805555555555556,0.7277147487844409,0.04715919322888529
forged__28928,28928,368,305,523,218,218,0.6419019316493314,0.6801346801346801,0.038232748485348744
forged__25525,25525,489,0,218,218,218,0.0,0.005657708628005658,0.005657708628005658
forged__64773,64773,302,251,465,214,214,0.30018083182640143,0.38070404172099087,0.08052320989458944
forged__40728,40728,215,164,376,212,212,0.43271767810026385,0.5888324873096447,0.1561148092093808
forged__43142,43142,2100,0,211,211,211,0.0,0.12462137602769364,0.12462137602769364
forged__53118,53118,934,0,205,205,205,0.0,0.2598770851624232,0.2598770851624232
forged__17298,17298,308,168,370,202,202,0.5546218487394958,0.6430678466076696,0.08844599786817375
forged__12300,12300,489,1,200,199,199,0.0,0.07547169811320754,0.07547169811320754
forged__14594,14594,605,34,233,199,199,0.0,0.0,0.0
forged__46969,46969,560,499,688,189,189,0.6704438149197356,0.7467948717948718,0.07635105687513621
forged__14331,14331,254,182,369,187,187,0.6422018348623854,0.6099518459069021,-0.032249988955483255
forged__1101,1101,100,107,291,184,184,0.4251207729468599,0.2813299232736573,-0.1437908496732026
forged__24749,24749,7538,0,184,184,184,0.0,0.009583009583009583,0.009583009583009583
forged__54790,54790,2422,836,1018,182,182,0.476365868631062,0.4831395348837209,0.006773666252658905
forged__286,286,683,115,295,180,180,0.0,0.0,0.0
forged__11277,11277,211,156,331,175,175,0.20708446866485014,0.25092250922509224,0.0438380405602421
forged__63117,63117,1751,120,295,175,175,0.1282736504543025,0.19452590420332355,0.06625225374902105
forged__60298,60298,655,141,315,174,174,0.0,0.0,0.0
forged__12025,12025,5280,225,397,172,172,0.0,0.0,0.0
forged__62330,62330,629,382,553,171,171,0.5974282888229476,0.688663282571912,0.09123499374896438
forged__35885,35885,1191,442,613,171,171,0.5205143906919779,0.6208425720620843,0.10032818137010635
forged__63355,63355,235,162,332,170,170,0.35768261964735515,0.455026455026455,0.09734383537909985
forged__6060,6060,7253,0,170,170,170,0.0,0.040414926579550044,0.040414926579550044
forged__32013,32013,396,0,160,160,160,0.0,0.01079136690647482,0.01079136690647482
forged__61134,61134,485,35,190,155,155,0.0,0.0,0.0
forged__38633,38633,148,118,271,153,153,0.45864661654135336,0.40572792362768495,-0.05291869291366841
forged__62865,62865,1854,417,569,152,152,0.34522236900044034,0.42096574494428396,0.07574337594384362
forged__1008,1008,4014,0,148,148,148,0.0,0.071119654012494,0.071119654012494
forged__34824,34824,479,98,244,146,146,0.3050259965337955,0.6002766251728907,0.29525062863909524
forged__64245,64245,1063,428,573,145,145,0.5647216633132126,0.5929095354523227,0.028187872139110115
forged__26933,26933,876,164,308,144,144,0.09615384615384616,0.15878378378378377,0.06262993762993761
forged__33778,33778,594,142,282,140,140,0.0,0.0,0.0
forged__24029,24029,155,0,139,139,139,0.0,0.19727891156462585,0.19727891156462585
forged__24111,24111,850,127,262,135,135,0.0,0.0,0.0
forged__37451,37451,691,80,212,132,132,0.0,0.0,0.0
forged__38486,38486,149,0,128,128,128,0.0,0.0,0.0
forged__20007,20007,764,6,131,125,125,0.0,0.0,0.0
forged__22951,22951,87,47,171,124,124,0.0,0.20930232558139536,0.20930232558139536
forged__42121,42121,355,21,145,124,124,0.0,0.0,0.0
forged__45536,45536,1414,7,131,124,124,0.0,0.0,0.0
forged__47151,47151,72,31,153,122,122,0.0,0.0,0.0
forged__50069,50069,275,178,296,118,118,0.6887417218543046,0.7810858143607706,0.09234409250646602
forged__56515,56515,364,1,118,117,117,0.005479452054794521,0.4190871369294606,0.4136076848746661
forged__50311,50311,595,4,119,115,115,0.01001669449081803,0.22408963585434175,0.21407294136352373
forged__63427,63427,462,180,294,114,114,0.5015576323987538,0.5873015873015873,0.08574395490283349
forged__1641,1641,1285,0,107,107,107,0.0,0.0,0.0
forged__8130,8130,615,34,140,106,106,0.0,0.0,0.0
forged__22739,22739,245,85,189,104,104,0.4666666666666667,0.7142857142857143,0.24761904761904763
forged__39549,39549,255,4,108,104,104,0.0,0.0,0.0
forged__36453,36453,818,251,353,102,102,0.4695977549111319,0.5294619982920581,0.05986424338092616
forged__29058,29058,556,0,101,101,101,0.0,0.0,0.0
forged__37817,37817,1429,0,101,101,101,0.0,0.1084967320261438,0.1084967320261438
forged__48333,48333,970,109,208,99,99,0.0,0.0,0.0
forged__4992,4992,108,0,95,95,95,0.0,0.0,0.0
forged__6618,6618,312,0,95,95,95,0.0,0.0,0.0
forged__13742,13742,240,193,286,93,93,0.7020785219399538,0.7452471482889734,0.043168626349019634
forged__2534,2534,269,155,247,92,92,0.42452830188679247,0.4418604651162791,0.017332163229486608
forged__26730,26730,460,31,123,92,92,0.0,0.024013722126929673,0.024013722126929673
forged__42632,42632,6695,0,90,90,90,0.0,0.026529108327192335,0.026529108327192335
forged__43610,43610,190,96,184,88,88,0.6153846153846154,0.7272727272727273,0.11188811188811187
forged__51796,51796,728,41,125,84,84,0.0,0.0,0.0
forged__33235,33235,707,0,82,82,82,0.0,0.0,0.0
forged__35471,35471,81,19,98,79,79,0.0,0.0,0.0
forged__56127,56127,817,0,68,68,68,0.0,0.0,0.0
forged__12073,12073,266,256,321,65,65,0.9425287356321839,0.9063032367972743,-0.03622549883490955
forged__59022,59022,457,0,63,63,63,0.0,0.015384615384615385,0.015384615384615385
forged__1580,1580,583,287,349,62,62,0.6206896551724138,0.6759656652360515,0.05527601006363769
forged__49233,49233,155,105,163,58,58,0.7461538461538462,0.7735849056603774,0.02743105950653124
forged__9086,9086,620,20,76,56,56,0.0,0.0,0.0
forged__58510,58510,681,309,362,53,53,0.6222222222222222,0.6538830297219559,0.031660807499733656
forged__55394,55394,971,0,53,53,53,0.0,0.0,0.0
forged__37076,37076,489,30,81,51,51,0.11560693641618497,0.28421052631578947,0.1686035898996045
forged__1813,1813,312,57,106,49,49,0.2872628726287263,0.3014354066985646,0.014172534069838316
forged__36390,36390,701,325,372,47,47,0.6257309941520468,0.641192917054986,0.01546192290293924
forged__58425,58425,324,51,90,39,39,0.0,0.0,0.0
forged__20666,20666,3940,0,34,34,34,0.0,0.0,0.0
forged__7610,7610,136,0,27,27,27,0.0,0.024539877300613498,0.024539877300613498
forged__9759,9759,1024,0,27,27,27,0.0,0.0,0.0
forged__27409,27409,147,0,19,19,19,0.0,0.1566265060240964,0.1566265060240964
forged__58697,58697,2620,0,18,18,18,0.0,0.01288855193328279,0.01288855193328279
forged__40582,40582,313,0,17,17,17,0.0,0.0,0.0
forged__33127,33127,1977,0,16,16,16,0.0,0.0,0.0
forged__59255,59255,1123,0,11,11,11,0.0,0.001763668430335097,0.001763668430335097
forged__7972,7972,4188,0,11,11,11,0.0,0.00523934270064301,0.00523934270064301
forged__65214,65214,969,0,10,10,10,0.0,0.020429009193054137,0.020429009193054137
forged__2577,2577,87,0,9,9,9,0.0,0.0,0.0
forged__2164,2164,608,0,9,9,9,0.0,0.0,0.0
forged__7498,7498,798,0,9,9,9,0.0,0.0,0.0
forged__47441,47441,445,0,7,7,7,0.0,0.0,0.0
forged__30298,30298,213,0,2,2,2,0.0,0.0,0.0
forged__56997,56997,266,0,2,2,2,0.0,0.0,0.0
forged__27694,27694,463,0,2,2,2,0.0,0.0,0.0
forged__55291,55291,253,0,1,1,1,0.0,0.0,0.0
forged__49733,49733,87,0,0,0,0,0.0,0.0,0.0
forged__38548,38548,112,0,0,0,0,0.0,0.0,0.0
forged__59375,59375,134,0,0,0,0,0.0,0.0,0.0
forged__11740,11740,153,0,0,0,0,0.0,0.0,0.0
forged__35715,35715,154,0,0,0,0,0.0,0.0,0.0
forged__7130,7130,169,0,0,0,0,0.0,0.0,0.0
forged__2622,2622,171,0,0,0,0,0.0,0.0,0.0
forged__3062,3062,171,0,0,0,0,0.0,0.0,0.0
forged__38034,38034,185,0,0,0,0,0.0,0.0,0.0
forged__45381,45381,189,0,0,0,0,0.0,0.0,0.0
forged__55541,55541,211,0,0,0,0,0.0,0.0,0.0
forged__25638,25638,219,0,0,0,0,0.0,0.0,0.0
forged__46106,46106,220,0,0,0,0,0.0,0.0,0.0
forged__64717,64717,221,0,0,0,0,0.0,0.0,0.0
forged__40349,40349,229,0,0,0,0,0.0,0.0,0.0
forged__13971,13971,241,0,0,0,0,0.0,0.0,0.0
forged__40974,40974,286,0,0,0,0,0.0,0.0,0.0
forged__1608,1608,293,0,0,0,0,0.0,0.0,0.0
forged__45958,45958,294,0,0,0,0,0.0,0.0,0.0
forged__46206,46206,317,0,0,0,0,0.0,0.0,0.0
forged__7279,7279,318,0,0,0,0,0.0,0.0,0.0
forged__21204,21204,324,0,0,0,0,0.0,0.0,0.0
forged__61355,61355,370,0,0,0,0,0.0,0.0,0.0
forged__60340,60340,377,0,0,0,0,0.0,0.0,0.0
forged__14700,14700,380,0,0,0,0,0.0,0.0,0.0
forged__1143,1143,391,0,0,0,0,0.0,0.0,0.0
forged__8481,8481,396,0,0,0,0,0.0,0.0,0.0
forged__49799,49799,407,0,0,0,0,0.0,0.0,0.0
forged__37149,37149,420,0,0,0,0,0.0,0.0,0.0
forged__26580,26580,426,0,0,0,0,0.0,0.0,0.0
forged__35378,35378,427,0,0,0,0,0.0,0.0,0.0
forged__40298,40298,439,0,0,0,0,0.0,0.0,0.0
forged__15061,15061,460,0,0,0,0,0.0,0.0,0.0
forged__17071,17071,495,0,0,0,0,0.0,0.0,0.0
forged__42832,42832,495,0,0,0,0,0.0,0.0,0.0
forged__50983,50983,497,0,0,0,0,0.0,0.0,0.0
forged__2053,2053,501,0,0,0,0,0.0,0.0,0.0
forged__4865,4865,523,0,0,0,0,0.0,0.0,0.0
forged__1419,1419,524,0,0,0,0,0.0,0.0,0.0
forged__41255,41255,589,0,0,0,0,0.0,0.0,0.0
forged__48718,48718,663,0,0,0,0,0.0,0.0,0.0
forged__187,187,691,0,0,0,0,0.0,0.0,0.0
forged__13839,13839,778,0,0,0,0,0.0,0.0,0.0
forged__53675,53675,806,0,0,0,0,0.0,0.0,0.0
forged__36190,36190,907,0,0,0,0,0.0,0.0,0.0
forged__54553,54553,1067,0,0,0,0,0.0,0.0,0.0
forged__37586,37586,1294,0,0,0,0,0.0,0.0,0.0
forged__63046,63046,1321,0,0,0,0,0.0,0.0,0.0
forged__23236,23236,1588,0,0,0,0,0.0,0.0,0.0
forged__55025,55025,2006,0,0,0,0,0.0,0.0,0.0
forged__14930,14930,2262,0,0,0,0,0.0,0.0,0.0
forged__14624,14624,3800,0,0,0,0,0.0,0.0,0.0
forged__59951,59951,6800,0,0,0,0,0.0,0.0,0.0
