image_id,image_label,mask_quartile,gt_component_count,pred_component_count,matched_component_count,component_fp,component_fn,avg_matched_iou
10,0,,0,3,0,3,0,0.0
1008,0,,0,0,0,0,0,0.0
10176,0,,0,0,0,0,0,0.0
10296,0,,0,1,0,1,0,0.0
10408,0,,0,0,0,0,0,0.0
10458,0,,0,0,0,0,0,0.0
10632,0,,0,1,0,1,0,0.0
10742,0,,0,0,0,0,0,0.0
10878,0,,0,0,0,0,0,0.0
10951,0,,0,0,0,0,0,0.0
1101,0,,0,0,0,0,0,0.0
11206,0,,0,0,0,0,0,0.0
11277,0,,0,0,0,0,0,0.0
11356,0,,0,1,0,1,0,0.0
1143,0,,0,0,0,0,0,0.0
11513,0,,0,0,0,0,0,0.0
11662,0,,0,0,0,0,0,0.0
11740,0,,0,0,0,0,0,0.0
11854,0,,0,0,0,0,0,0.0
11964,0,,0,1,0,1,0,0.0
12073,0,,0,1,0,1,0,0.0
12262,0,,0,8,0,8,0,0.0
12300,0,,0,3,0,3,0,0.0
12364,0,,0,2,0,2,0,0.0
12446,0,,0,0,0,0,0,0.0
12572,0,,0,0,0,0,0,0.0
12629,0,,0,3,0,3,0,0.0
12793,0,,0,0,0,0,0,0.0
12879,0,,0,0,0,0,0,0.0
13020,0,,0,0,0,0,0,0.0
13333,0,,0,0,0,0,0,0.0
13451,0,,0,3,0,3,0,0.0
13603,0,,0,8,0,8,0,0.0
13670,0,,0,0,0,0,0,0.0
13742,0,,0,1,0,1,0,0.0
13839,0,,0,0,0,0,0,0.0
13893,0,,0,0,0,0,0,0.0
13971,0,,0,0,0,0,0,0.0
14070,0,,0,0,0,0,0,0.0
14114,0,,0,0,0,0,0,0.0
1419,0,,0,0,0,0,0,0.0
14331,0,,0,1,0,1,0,0.0
14436,0,,0,2,0,2,0,0.0
14700,0,,0,1,0,1,0,0.0
14770,0,,0,0,0,0,0,0.0
14829,0,,0,1,0,1,0,0.0
14988,0,,0,2,0,2,0,0.0
15061,0,,0,0,0,0,0,0.0
15269,0,,0,0,0,0,0,0.0
1536,0,,0,0,0,0,0,0.0
15426,0,,0,3,0,3,0,0.0
15579,0,,0,3,0,3,0,0.0
15733,0,,0,2,0,2,0,0.0
15860,0,,0,0,0,0,0,0.0
15940,0,,0,0,0,0,0,0.0
1608,0,,0,0,0,0,0,0.0
16161,0,,0,3,0,3,0,0.0
16219,0,,0,0,0,0,0,0.0
16294,0,,0,0,0,0,0,0.0
1641,0,,0,0,0,0,0,0.0
16534,0,,0,1,0,1,0,0.0
16647,0,,0,0,0,0,0,0.0
16703,0,,0,0,0,0,0,0.0
16866,0,,0,5,0,5,0,0.0
16960,0,,0,0,0,0,0,0.0
17071,0,,0,0,0,0,0,0.0
17245,0,,0,0,0,0,0,0.0
17298,0,,0,1,0,1,0,0.0
17493,0,,0,2,0,2,0,0.0
17625,0,,0,8,0,8,0,0.0
17846,0,,0,0,0,0,0,0.0
1813,0,,0,4,0,4,0,0.0
18440,0,,0,0,0,0,0,0.0
1856,0,,0,1,0,1,0,0.0
187,0,,0,0,0,0,0,0.0
1879,0,,0,3,0,3,0,0.0
18995,0,,0,0,0,0,0,0.0
19281,0,,0,0,0,0,0,0.0
1940,0,,0,0,0,0,0,0.0
19593,0,,0,0,0,0,0,0.0
19633,0,,0,0,0,0,0,0.0
19728,0,,0,1,0,1,0,0.0
19847,0,,0,3,0,3,0,0.0
19953,0,,0,0,0,0,0,0.0
20103,0,,0,1,0,1,0,0.0
20270,0,,0,0,0,0,0,0.0
20379,0,,0,1,0,1,0,0.0
20490,0,,0,1,0,1,0,0.0
20587,0,,0,0,0,0,0,0.0
20753,0,,0,1,0,1,0,0.0
20800,0,,0,1,0,1,0,0.0
20833,0,,0,0,0,0,0,0.0
20920,0,,0,0,0,0,0,0.0
21204,0,,0,0,0,0,0,0.0
21264,0,,0,0,0,0,0,0.0
21540,0,,0,3,0,3,0,0.0
2164,0,,0,2,0,2,0,0.0
21728,0,,0,3,0,3,0,0.0
21851,0,,0,1,0,1,0,0.0
22046,0,,0,1,0,1,0,0.0
22155,0,,0,0,0,0,0,0.0
22182,0,,0,0,0,0,0,0.0
2228,0,,0,1,0,1,0,0.0
22337,0,,0,3,0,3,0,0.0
22565,0,,0,0,0,0,0,0.0
22739,0,,0,0,0,0,0,0.0
22797,0,,0,8,0,8,0,0.0
2290,0,,0,0,0,0,0,0.0
22951,0,,0,1,0,1,0,0.0
2305,0,,0,1,0,1,0,0.0
23143,0,,0,0,0,0,0,0.0
23236,0,,0,0,0,0,0,0.0
23357,0,,0,0,0,0,0,0.0
23460,0,,0,3,0,3,0,0.0
23527,0,,0,0,0,0,0,0.0
23726,0,,0,0,0,0,0,0.0
23904,0,,0,0,0,0,0,0.0
24029,0,,0,0,0,0,0,0.0
24218,0,,0,2,0,2,0,0.0
24332,0,,0,0,0,0,0,0.0
24381,0,,0,0,0,0,0,0.0
2450,0,,0,1,0,1,0,0.0
24600,0,,0,0,0,0,0,0.0
24676,0,,0,0,0,0,0,0.0
24749,0,,0,0,0,0,0,0.0
24937,0,,0,0,0,0,0,0.0
25003,0,,0,0,0,0,0,0.0
25124,0,,0,3,0,3,0,0.0
2534,0,,0,1,0,1,0,0.0
25388,0,,0,2,0,2,0,0.0
25458,0,,0,2,0,2,0,0.0
25525,0,,0,1,0,1,0,0.0
25638,0,,0,0,0,0,0,0.0
2577,0,,0,1,0,1,0,0.0
25981,0,,0,2,0,2,0,0.0
26035,0,,0,0,0,0,0,0.0
26148,0,,0,0,0,0,0,0.0
2622,0,,0,0,0,0,0,0.0
26329,0,,0,1,0,1,0,0.0
26435,0,,0,0,0,0,0,0.0
26492,0,,0,2,0,2,0,0.0
26730,0,,0,0,0,0,0,0.0
27061,0,,0,2,0,2,0,0.0
27195,0,,0,0,0,0,0,0.0
27409,0,,0,2,0,2,0,0.0
27586,0,,0,0,0,0,0,0.0
27694,0,,0,0,0,0,0,0.0
27896,0,,0,1,0,1,0,0.0
28014,0,,0,0,0,0,0,0.0
28195,0,,0,4,0,4,0,0.0
28245,0,,0,0,0,0,0,0.0
28283,0,,0,5,0,5,0,0.0
28412,0,,0,0,0,0,0,0.0
28496,0,,0,0,0,0,0,0.0
28878,0,,0,1,0,1,0,0.0
28928,0,,0,2,0,2,0,0.0
28965,0,,0,1,0,1,0,0.0
29129,0,,0,0,0,0,0,0.0
29229,0,,0,0,0,0,0,0.0
29464,0,,0,2,0,2,0,0.0
29482,0,,0,0,0,0,0,0.0
29593,0,,0,0,0,0,0,0.0
29663,0,,0,0,0,0,0,0.0
29736,0,,0,0,0,0,0,0.0
298,0,,0,0,0,0,0,0.0
30045,0,,0,1,0,1,0,0.0
30217,0,,0,0,0,0,0,0.0
30298,0,,0,0,0,0,0,0.0
30354,0,,0,0,0,0,0,0.0
3062,0,,0,0,0,0,0,0.0
30715,0,,0,0,0,0,0,0.0
30871,0,,0,2,0,2,0,0.0
31077,0,,0,4,0,4,0,0.0
3110,0,,0,0,0,0,0,0.0
31218,0,,0,0,0,0,0,0.0
31262,0,,0,0,0,0,0,0.0
31336,0,,0,0,0,0,0,0.0
31468,0,,0,0,0,0,0,0.0
31725,0,,0,5,0,5,0,0.0
31834,0,,0,0,0,0,0,0.0
31942,0,,0,0,0,0,0,0.0
32013,0,,0,3,0,3,0,0.0
32139,0,,0,1,0,1,0,0.0
3228,0,,0,0,0,0,0,0.0
32398,0,,0,0,0,0,0,0.0
32535,0,,0,1,0,1,0,0.0
32722,0,,0,1,0,1,0,0.0
32884,0,,0,6,0,6,0,0.0
32973,0,,0,0,0,0,0,0.0
33053,0,,0,0,0,0,0,0.0
33343,0,,0,0,0,0,0,0.0
33580,0,,0,0,0,0,0,0.0
33686,0,,0,2,0,2,0,0.0
339,0,,0,0,0,0,0,0.0
33985,0,,0,0,0,0,0,0.0
34036,0,,0,3,0,3,0,0.0
34211,0,,0,0,0,0,0,0.0
34306,0,,0,0,0,0,0,0.0
34415,0,,0,0,0,0,0,0.0
34597,0,,0,2,0,2,0,0.0
34824,0,,0,0,0,0,0,0.0
34873,0,,0,4,0,4,0,0.0
35018,0,,0,1,0,1,0,0.0
35127,0,,0,0,0,0,0,0.0
35222,0,,0,3,0,3,0,0.0
35378,0,,0,0,0,0,0,0.0
35471,0,,0,0,0,0,0,0.0
35586,0,,0,2,0,2,0,0.0
35715,0,,0,0,0,0,0,0.0
35744,0,,0,0,0,0,0,0.0
35885,0,,0,0,0,0,0,0.0
36010,0,,0,0,0,0,0,0.0
36190,0,,0,0,0,0,0,0.0
36295,0,,0,0,0,0,0,0.0
36390,0,,0,0,0,0,0,0.0
36453,0,,0,0,0,0,0,0.0
36597,0,,0,1,0,1,0,0.0
36707,0,,0,1,0,1,0,0.0
36746,0,,0,0,0,0,0,0.0
36949,0,,0,0,0,0,0,0.0
37076,0,,0,0,0,0,0,0.0
37149,0,,0,0,0,0,0,0.0
37280,0,,0,0,0,0,0,0.0
37400,0,,0,1,0,1,0,0.0
3751,0,,0,1,0,1,0,0.0
37586,0,,0,0,0,0,0,0.0
37735,0,,0,0,0,0,0,0.0
37817,0,,0,0,0,0,0,0.0
37903,0,,0,0,0,0,0,0.0
37942,0,,0,0,0,0,0,0.0
38034,0,,0,0,0,0,0,0.0
38136,0,,0,0,0,0,0,0.0
38256,0,,0,2,0,2,0,0.0
38294,0,,0,0,0,0,0,0.0
38456,0,,0,0,0,0,0,0.0
38486,0,,0,0,0,0,0,0.0
38548,0,,0,0,0,0,0,0.0
38633,0,,0,0,0,0,0,0.0
38699,0,,0,1,0,1,0,0.0
38913,0,,0,0,0,0,0,0.0
39099,0,,0,3,0,3,0,0.0
39299,0,,0,0,0,0,0,0.0
39366,0,,0,1,0,1,0,0.0
39625,0,,0,1,0,1,0,0.0
39737,0,,0,0,0,0,0,0.0
39875,0,,0,4,0,4,0,0.0
39944,0,,0,1,0,1,0,0.0
40033,0,,0,4,0,4,0,0.0
4022,0,,0,0,0,0,0,0.0
40298,0,,0,0,0,0,0,0.0
40349,0,,0,0,0,0,0,0.0
40373,0,,0,0,0,0,0,0.0
4045,0,,0,0,0,0,0,0.0
40519,0,,0,1,0,1,0,0.0
40728,0,,0,1,0,1,0,0.0
40828,0,,0,0,0,0,0,0.0
40919,0,,0,0,0,0,0,0.0
40974,0,,0,0,0,0,0,0.0
41024,0,,0,1,0,1,0,0.0
41080,0,,0,0,0,0,0,0.0
41171,0,,0,0,0,0,0,0.0
41255,0,,0,0,0,0,0,0.0
414,0,,0,1,0,1,0,0.0
41517,0,,0,1,0,1,0,0.0
41600,0,,0,4,0,4,0,0.0
41697,0,,0,1,0,1,0,0.0
41830,0,,0,0,0,0,0,0.0
41895,0,,0,0,0,0,0,0.0
42035,0,,0,0,0,0,0,0.0
4222,0,,0,1,0,1,0,0.0
42289,0,,0,0,0,0,0,0.0
42385,0,,0,0,0,0,0,0.0
42461,0,,0,0,0,0,0,0.0
42632,0,,0,0,0,0,0,0.0
42742,0,,0,4,0,4,0,0.0
42832,0,,0,0,0,0,0,0.0
43085,0,,0,0,0,0,0,0.0
43142,0,,0,1,0,1,0,0.0
4321,0,,0,0,0,0,0,0.0
43285,0,,0,0,0,0,0,0.0
43368,0,,0,0,0,0,0,0.0
43610,0,,0,1,0,1,0,0.0
4371,0,,0,6,0,6,0,0.0
43810,0,,0,4,0,4,0,0.0
43915,0,,0,1,0,1,0,0.0
44311,0,,0,0,0,0,0,0.0
44420,0,,0,0,0,0,0,0.0
44622,0,,0,0,0,0,0,0.0
44666,0,,0,0,0,0,0,0.0
45004,0,,0,1,0,1,0,0.0
45133,0,,0,3,0,3,0,0.0
45182,0,,0,1,0,1,0,0.0
45310,0,,0,3,0,3,0,0.0
45381,0,,0,0,0,0,0,0.0
45536,0,,0,0,0,0,0,0.0
45620,0,,0,0,0,0,0,0.0
45767,0,,0,0,0,0,0,0.0
45878,0,,0,5,0,5,0,0.0
45958,0,,0,0,0,0,0,0.0
46106,0,,0,0,0,0,0,0.0
46206,0,,0,0,0,0,0,0.0
46309,0,,0,0,0,0,0,0.0
46366,0,,0,8,0,8,0,0.0
46698,0,,0,0,0,0,0,0.0
46849,0,,0,0,0,0,0,0.0
46907,0,,0,4,0,4,0,0.0
46969,0,,0,4,0,4,0,0.0
47069,0,,0,2,0,2,0,0.0
47151,0,,0,0,0,0,0,0.0
4740,0,,0,0,0,0,0,0.0
47441,0,,0,0,0,0,0,0.0
47770,0,,0,2,0,2,0,0.0
47916,0,,0,0,0,0,0,0.0
48113,0,,0,0,0,0,0,0.0
48207,0,,0,2,0,2,0,0.0
48272,0,,0,6,0,6,0,0.0
4845,0,,0,2,0,2,0,0.0
4865,0,,0,0,0,0,0,0.0
48718,0,,0,0,0,0,0,0.0
48836,0,,0,1,0,1,0,0.0
48981,0,,0,0,0,0,0,0.0
49042,0,,0,0,0,0,0,0.0
49233,0,,0,2,0,2,0,0.0
49506,0,,0,0,0,0,0,0.0
4957,0,,0,2,0,2,0,0.0
49711,0,,0,3,0,3,0,0.0
4992,0,,0,0,0,0,0,0.0
49982,0,,0,3,0,3,0,0.0
50069,0,,0,0,0,0,0,0.0
50158,0,,0,5,0,5,0,0.0
50255,0,,0,3,0,3,0,0.0
50311,0,,0,0,0,0,0,0.0
50419,0,,0,0,0,0,0,0.0
50539,0,,0,3,0,3,0,0.0
50636,0,,0,0,0,0,0,0.0
50690,0,,0,0,0,0,0,0.0
5080,0,,0,0,0,0,0,0.0
50907,0,,0,0,0,0,0,0.0
50983,0,,0,0,0,0,0,0.0
51069,0,,0,2,0,2,0,0.0
51165,0,,0,0,0,0,0,0.0
51227,0,,0,7,0,7,0,0.0
5130,0,,0,0,0,0,0,0.0
51345,0,,0,1,0,1,0,0.0
51552,0,,0,0,0,0,0,0.0
51718,0,,0,0,0,0,0,0.0
51927,0,,0,0,0,0,0,0.0
52050,0,,0,4,0,4,0,0.0
5220,0,,0,0,0,0,0,0.0
52298,0,,0,3,0,3,0,0.0
52396,0,,0,0,0,0,0,0.0
52590,0,,0,0,0,0,0,0.0
5270,0,,0,5,0,5,0,0.0
52798,0,,0,3,0,3,0,0.0
52927,0,,0,0,0,0,0,0.0
53118,0,,0,3,0,3,0,0.0
53248,0,,0,1,0,1,0,0.0
53404,0,,0,0,0,0,0,0.0
53527,0,,0,4,0,4,0,0.0
53675,0,,0,0,0,0,0,0.0
5385,0,,0,0,0,0,0,0.0
54000,0,,0,5,0,5,0,0.0
54152,0,,0,0,0,0,0,0.0
54527,0,,0,0,0,0,0,0.0
54553,0,,0,2,0,2,0,0.0
54710,0,,0,0,0,0,0,0.0
54790,0,,0,2,0,2,0,0.0
54945,0,,0,0,0,0,0,0.0
55025,0,,0,0,0,0,0,0.0
55072,0,,0,0,0,0,0,0.0
55175,0,,0,0,0,0,0,0.0
55291,0,,0,0,0,0,0,0.0
55541,0,,0,0,0,0,0,0.0
55651,0,,0,0,0,0,0,0.0
55695,0,,0,0,0,0,0,0.0
55790,0,,0,1,0,1,0,0.0
56127,0,,0,0,0,0,0,0.0
5626,0,,0,1,0,1,0,0.0
56311,0,,0,1,0,1,0,0.0
56515,0,,0,0,0,0,0,0.0
56589,0,,0,0,0,0,0,0.0
56723,0,,0,0,0,0,0,0.0
56793,0,,0,0,0,0,0,0.0
569,0,,0,1,0,1,0,0.0
56997,0,,0,0,0,0,0,0.0
57085,0,,0,0,0,0,0,0.0
57239,0,,0,2,0,2,0,0.0
57328,0,,0,0,0,0,0,0.0
57505,0,,0,2,0,2,0,0.0
57643,0,,0,0,0,0,0,0.0
5772,0,,0,7,0,7,0,0.0
57927,0,,0,2,0,2,0,0.0
58081,0,,0,4,0,4,0,0.0
58338,0,,0,3,0,3,0,0.0
58510,0,,0,0,0,0,0,0.0
58697,0,,0,0,0,0,0,0.0
58782,0,,0,1,0,1,0,0.0
58955,0,,0,2,0,2,0,0.0
59148,0,,0,0,0,0,0,0.0
59255,0,,0,0,0,0,0,0.0
59375,0,,0,0,0,0,0,0.0
59453,0,,0,2,0,2,0,0.0
59617,0,,0,2,0,2,0,0.0
59840,0,,0,1,0,1,0,0.0
59951,0,,0,0,0,0,0,0.0
60046,0,,0,1,0,1,0,0.0
6011,0,,0,6,0,6,0,0.0
60195,0,,0,0,0,0,0,0.0
60340,0,,0,0,0,0,0,0.0
60457,0,,0,0,0,0,0,0.0
6060,0,,0,0,0,0,0,0.0
60829,0,,0,0,0,0,0,0.0
60986,0,,0,1,0,1,0,0.0
6103,0,,0,0,0,0,0,0.0
61270,0,,0,2,0,2,0,0.0
61355,0,,0,0,0,0,0,0.0
61566,0,,0,0,0,0,0,0.0
61883,0,,0,3,0,3,0,0.0
61997,0,,0,6,0,6,0,0.0
6212,0,,0,0,0,0,0,0.0
62249,0,,0,1,0,1,0,0.0
62330,0,,0,3,0,3,0,0.0
62519,0,,0,2,0,2,0,0.0
62793,0,,0,4,0,4,0,0.0
63046,0,,0,0,0,0,0,0.0
63117,0,,0,1,0,1,0,0.0
63245,0,,0,2,0,2,0,0.0
633,0,,0,2,0,2,0,0.0
63355,0,,0,0,0,0,0,0.0
63427,0,,0,1,0,1,0,0.0
63654,0,,0,0,0,0,0,0.0
63713,0,,0,2,0,2,0,0.0
63834,0,,0,3,0,3,0,0.0
63947,0,,0,0,0,0,0,0.0
6407,0,,0,0,0,0,0,0.0
64128,0,,0,0,0,0,0,0.0
6419,0,,0,2,0,2,0,0.0
64245,0,,0,0,0,0,0,0.0
64289,0,,0,0,0,0,0,0.0
64391,0,,0,3,0,3,0,0.0
6454,0,,0,3,0,3,0,0.0
64717,0,,0,0,0,0,0,0.0
64773,0,,0,1,0,1,0,0.0
64941,0,,0,2,0,2,0,0.0
6508,0,,0,0,0,0,0,0.0
65214,0,,0,1,0,1,0,0.0
65399,0,,0,1,0,1,0,0.0
65532,0,,0,0,0,0,0,0.0
6618,0,,0,1,0,1,0,0.0
6696,0,,0,0,0,0,0,0.0
6800,0,,0,2,0,2,0,0.0
7004,0,,0,3,0,3,0,0.0
7130,0,,0,0,0,0,0,0.0
7279,0,,0,0,0,0,0,0.0
7411,0,,0,0,0,0,0,0.0
7498,0,,0,1,0,1,0,0.0
7610,0,,0,0,0,0,0,0.0
770,0,,0,1,0,1,0,0.0
7715,0,,0,0,0,0,0,0.0
7771,0,,0,4,0,4,0,0.0
7972,0,,0,0,0,0,0,0.0
8074,0,,0,0,0,0,0,0.0
8130,0,,0,3,0,3,0,0.0
8259,0,,0,0,0,0,0,0.0
8388,0,,0,0,0,0,0,0.0
8481,0,,0,1,0,1,0,0.0
8678,0,,0,0,0,0,0,0.0
8733,0,,0,3,0,3,0,0.0
8874,0,,0,3,0,3,0,0.0
9568,0,,0,0,0,0,0,0.0
9849,0,,0,0,0,0,0,0.0
9977,0,,0,0,0,0,0,0.0
10,1,Q1,2,3,0,3,2,0.0
1008,1,Q3,2,0,0,0,2,0.0
10176,1,Q4,4,6,4,2,0,0.8060979247093201
10296,1,Q1,2,1,0,1,2,0.0
10408,1,Q2,2,4,2,2,0,0.8513378500938416
10458,1,Q2,2,5,1,4,1,0.8533975481987
10632,1,Q1,3,3,3,0,0,0.6632614632447561
10742,1,Q1,3,2,2,0,1,0.741463303565979
10878,1,Q2,2,4,2,2,0,0.54946069419384
10951,1,Q2,2,2,2,0,0,0.8693926930427551
1101,1,Q2,5,0,0,0,5,0.0
11206,1,Q4,4,4,3,1,1,0.7518006861209869
11277,1,Q2,4,0,0,0,4,0.0
11356,1,Q1,7,6,4,2,3,0.8384754061698914
1143,1,Q2,12,0,0,0,12,0.0
11513,1,Q2,4,4,2,2,2,0.5340318828821182
11662,1,Q1,2,5,2,3,0,0.5167180597782135
11740,1,Q1,3,0,0,0,3,0.0
11854,1,Q3,5,3,3,0,2,0.5952851374944051
11964,1,Q2,3,7,3,4,0,0.6549204687277476
12025,1,Q4,2,1,0,1,2,0.0
12073,1,Q1,3,2,2,0,1,0.6540902853012085
12150,1,Q2,10,1,0,1,10,0.0
12262,1,Q1,4,10,4,6,0,0.6504396349191666
12300,1,Q1,3,3,2,1,1,0.7568670213222504
12364,1,Q3,2,2,2,0,0,0.8548620343208313
12446,1,Q1,2,1,1,0,1,0.4614678919315338
12572,1,Q4,4,2,2,0,2,0.8167354166507721
12629,1,Q1,2,3,0,3,2,0.0
12793,1,Q4,2,3,2,1,0,0.784599095582962
12879,1,Q3,4,3,1,2,3,0.42758113145828247
13020,1,Q2,2,2,2,0,0,0.8776449859142303
13123,1,Q1,2,4,0,4,2,0.0
13333,1,Q3,6,2,2,0,4,0.6525755226612091
13451,1,Q4,1,1,1,0,0,0.7439075112342834
13603,1,Q1,2,9,2,7,0,0.8102715313434601
13670,1,Q4,2,2,2,0,0,0.9322341084480286
13742,1,Q2,3,3,3,0,0,0.7837252418200175
13839,1,Q2,9,0,0,0,9,0.0
13893,1,Q3,2,3,2,1,0,0.8011022508144379
13971,1,Q1,3,0,0,0,3,0.0
14070,1,Q4,2,0,0,0,2,0.0
14114,1,Q4,4,8,4,4,0,0.8520642668008804
1419,1,Q4,2,0,0,0,2,0.0
14331,1,Q2,4,4,4,0,0,0.6354463398456573
14436,1,Q1,2,5,2,3,0,0.7654102742671967
14594,1,Q3,6,0,0,0,6,0.0
14624,1,Q2,2,0,0,0,2,0.0
14700,1,Q1,2,1,0,1,2,0.0
14770,1,Q3,2,3,2,1,0,0.6998533606529236
14829,1,Q3,5,2,2,0,3,0.4579879641532898
14930,1,Q4,2,0,0,0,2,0.0
14988,1,Q1,4,4,3,1,1,0.49348539113998413
15061,1,Q3,6,0,0,0,6,0.0
15269,1,Q4,4,6,4,2,0,0.7917525172233582
1536,1,Q2,2,7,2,5,0,0.8515996932983398
15426,1,Q4,2,4,1,3,1,0.6283048391342163
15579,1,Q1,2,2,0,2,2,0.0
15733,1,Q4,2,3,2,1,0,0.6658479273319244
1580,1,Q3,2,2,2,0,0,0.42502254247665405
15860,1,Q2,3,8,3,5,0,0.6876856585343679
15940,1,Q3,4,7,2,5,2,0.579935297369957
1608,1,Q3,10,0,0,0,10,0.0
16161,1,Q4,2,3,2,1,0,0.7767157852649689
16219,1,Q4,2,2,2,0,0,0.9492400586605072
16294,1,Q3,2,2,2,0,0,0.7811621129512787
1641,1,Q2,5,0,0,0,5,0.0
16534,1,Q1,2,1,0,1,2,0.0
16590,1,Q2,2,2,1,1,1,0.3105369806289673
16647,1,Q4,4,5,3,2,1,0.7929410537083944
16703,1,Q2,2,2,1,1,1,0.366810142993927
16866,1,Q4,2,5,2,3,0,0.4973345994949341
16960,1,Q4,2,4,2,2,0,0.6752047538757324
17071,1,Q1,2,0,0,0,2,0.0
17245,1,Q1,2,1,1,0,1,0.7699999809265137
17298,1,Q3,5,3,3,0,2,0.5752025743325552
17493,1,Q4,2,2,2,0,0,0.8041887581348419
17625,1,Q2,4,8,2,6,2,0.4500366449356079
17754,1,Q4,4,3,2,1,2,0.3609841465950012
17846,1,Q3,1,1,1,0,0,0.49453097581863403
18000,1,Q3,2,1,1,0,1,0.5031023025512695
1813,1,Q1,4,5,2,3,2,0.7800802290439606
18440,1,Q4,2,3,2,1,0,0.8826886713504791
1856,1,Q4,2,1,1,0,1,0.4117344319820404
187,1,Q2,8,0,0,0,8,0.0
1879,1,Q4,3,5,3,2,0,0.8973398009936014
18995,1,Q4,2,2,2,0,0,0.785925030708313
19130,1,Q1,2,0,0,0,2,0.0
19281,1,Q2,2,1,1,0,1,0.7354196310043335
1940,1,Q2,2,1,1,0,1,0.833071768283844
19593,1,Q3,2,1,1,0,1,0.8932281136512756
19633,1,Q4,4,5,4,1,0,0.7948643416166306
19728,1,Q1,2,1,0,1,2,0.0
19847,1,Q4,4,4,4,0,0,0.6073344275355339
19953,1,Q4,2,2,2,0,0,0.8725362420082092
20007,1,Q1,2,2,0,2,2,0.0
20103,1,Q1,3,3,1,2,2,0.38761061429977417
20270,1,Q3,4,1,1,0,3,0.7281502485275269
20379,1,Q1,2,3,2,1,0,0.7158368229866028
20490,1,Q2,3,1,0,1,3,0.0
2053,1,Q2,8,0,0,0,8,0.0
20587,1,Q4,4,3,3,0,1,0.7840015689531962
20666,1,Q3,6,3,0,3,6,0.0
20753,1,Q3,2,1,1,0,1,0.29123353958129883
20800,1,Q3,4,1,1,0,3,0.640457808971405
20833,1,Q3,2,2,1,1,1,0.19554170966148376
20920,1,Q3,3,2,2,0,1,0.6354207098484039
21034,1,Q4,2,2,2,0,0,0.38153181225061417
21204,1,Q2,12,0,0,0,12,0.0
21264,1,Q4,4,7,4,3,0,0.9364662021398544
21540,1,Q1,2,2,1,1,1,0.8414633870124817
2164,1,Q2,3,2,0,2,3,0.0
21728,1,Q3,4,5,4,1,0,0.9006636440753937
2177,1,Q2,2,2,0,2,2,0.0
21851,1,Q2,2,5,2,3,0,0.88522869348526
22046,1,Q1,3,3,2,1,1,0.3205791562795639
22155,1,Q3,2,6,2,4,0,0.9265550673007965
22182,1,Q3,2,2,2,0,0,0.9107527732849121
2228,1,Q1,2,1,0,1,2,0.0
22337,1,Q1,7,6,6,0,1,0.7667312075694402
22456,1,Q2,2,0,0,0,2,0.0
22565,1,Q4,2,1,1,0,1,0.8785714507102966
22739,1,Q2,3,2,2,0,1,0.6238908767700195
22797,1,Q1,3,7,0,7,3,0.0
2290,1,Q3,4,5,4,1,0,0.40681392699480057
22951,1,Q1,3,1,0,1,3,0.0
2305,1,Q4,2,3,2,1,0,0.8853306770324707
23143,1,Q4,4,4,2,2,2,0.8768243193626404
23236,1,Q4,2,0,0,0,2,0.0
23357,1,Q4,2,5,1,4,1,0.8973022103309631
23460,1,Q4,3,3,3,0,0,0.7987119952837626
23527,1,Q4,2,3,2,1,0,0.9482184648513794
23726,1,Q2,2,0,0,0,2,0.0
23904,1,Q4,2,3,2,1,0,0.9552811086177826
24029,1,Q2,6,1,1,0,5,0.17721518874168396
24111,1,Q1,2,2,0,2,2,0.0
24218,1,Q2,5,4,4,0,1,0.7030336409807205
24332,1,Q2,2,2,2,0,0,0.8807788789272308
24381,1,Q1,4,1,1,0,3,0.19333332777023315
2450,1,Q4,4,4,4,0,0,0.8997551798820496
24600,1,Q3,2,3,2,1,0,0.3461655527353287
24676,1,Q4,2,2,2,0,0,0.7140920758247375
24749,1,Q4,5,0,0,0,5,0.0
24850,1,Q4,4,2,2,0,2,0.7900278866291046
24937,1,Q4,2,5,2,3,0,0.8201153874397278
25003,1,Q1,2,3,1,2,1,0.7016806602478027
25124,1,Q1,2,4,2,2,0,0.6785231232643127
2534,1,Q1,3,2,1,1,2,0.6090225577354431
25388,1,Q4,2,4,2,2,0,0.724601536989212
25458,1,Q1,4,3,2,1,2,0.5694124698638916
25525,1,Q1,4,1,0,1,4,0.0
25638,1,Q2,7,0,0,0,7,0.0
2577,1,Q1,4,1,0,1,4,0.0
25981,1,Q2,3,1,0,1,3,0.0
26035,1,Q2,5,1,1,0,4,0.522292971611023
26148,1,Q4,4,6,2,4,2,0.6492140591144562
2622,1,Q2,4,0,0,0,4,0.0
26329,1,Q1,4,2,2,0,2,0.5392661243677139
26435,1,Q4,2,2,2,0,0,0.7475340366363525
26492,1,Q3,1,2,1,1,0,0.4898965358734131
26580,1,Q3,2,0,0,0,2,0.0
26730,1,Q1,3,0,0,0,3,0.0
26933,1,Q3,6,2,0,2,6,0.0
27061,1,Q3,1,3,1,2,0,0.4518861472606659
27195,1,Q4,2,1,1,0,1,0.2363695651292801
27409,1,Q1,2,2,0,2,2,0.0
27586,1,Q2,3,2,2,0,1,0.7446898221969604
27694,1,Q2,2,0,0,0,2,0.0
27829,1,Q2,2,2,0,2,2,0.0
27896,1,Q2,2,1,1,0,1,0.7898089289665222
28014,1,Q4,2,3,2,1,0,0.6655240207910538
28195,1,Q1,4,4,1,3,3,0.20987653732299805
28245,1,Q3,2,2,2,0,0,0.6416709274053574
28283,1,Q3,3,5,3,2,0,0.771642287572225
28412,1,Q4,2,2,2,0,0,0.9054042398929596
28496,1,Q1,3,2,2,0,1,0.6803921759128571
286,1,Q3,6,1,0,1,6,0.0
28645,1,Q2,2,0,0,0,2,0.0
28878,1,Q3,4,3,3,0,1,0.33281980951627094
28928,1,Q3,5,1,1,0,4,0.5495495200157166
28965,1,Q2,2,4,2,2,0,0.4762480854988098
29058,1,Q2,4,0,0,0,4,0.0
29129,1,Q2,2,3,2,1,0,0.6951556503772736
29229,1,Q4,2,2,2,0,0,0.9107142388820648
29464,1,Q1,2,4,2,2,0,0.8024600148200989
29482,1,Q4,2,2,2,0,0,0.5576108694076538
29593,1,Q3,4,0,0,0,4,0.0
29663,1,Q2,2,0,0,0,2,0.0
29736,1,Q4,2,2,2,0,0,0.8471972942352295
298,1,Q2,2,2,1,1,1,0.2933312654495239
29935,1,Q2,2,1,0,1,2,0.0
30045,1,Q3,2,2,2,0,0,0.8685463964939117
30217,1,Q4,2,3,2,1,0,0.9242532551288605
30298,1,Q1,4,1,0,1,4,0.0
30354,1,Q3,2,1,1,0,1,0.8249452710151672
30494,1,Q4,6,1,0,1,6,0.0
3062,1,Q1,4,0,0,0,4,0.0
30715,1,Q4,2,1,1,0,1,0.7996661067008972
30871,1,Q2,4,5,2,3,2,0.5152013152837753
30917,1,Q3,6,2,0,2,6,0.0
31077,1,Q1,4,4,3,1,1,0.6397676567236582
3110,1,Q3,2,2,2,0,0,0.773871660232544
31218,1,Q1,2,1,1,0,1,0.18469657003879547
31262,1,Q3,5,2,2,0,3,0.48325206339359283
31336,1,Q4,2,1,1,0,1,0.7276315689086914
31468,1,Q4,2,5,2,3,0,0.8305577337741852
31725,1,Q2,2,2,2,0,0,0.47045473754405975
31834,1,Q2,2,5,2,3,0,0.8285802602767944
31942,1,Q1,5,4,4,0,1,0.7191351130604744
32013,1,Q1,2,4,2,2,0,0.3976525366306305
32139,1,Q3,5,2,2,0,3,0.7907343804836273
32201,1,Q3,2,1,1,0,1,0.6913912296295166
3228,1,Q4,1,3,1,2,0,0.9345702528953552
32398,1,Q4,4,6,4,2,0,0.8246710449457169
32535,1,Q2,2,3,1,2,1,0.7089365720748901
32722,1,Q3,2,1,0,1,2,0.0
32884,1,Q1,2,2,1,1,1,0.8255261182785034
32973,1,Q3,2,1,1,0,1,0.28321129083633423
33053,1,Q3,2,4,2,2,0,0.8390368223190308
33127,1,Q3,6,0,0,0,6,0.0
33235,1,Q3,4,1,0,1,4,0.0
33295,1,Q3,2,2,1,1,1,0.5625
33343,1,Q4,2,2,2,0,0,0.8006408512592316
33580,1,Q3,2,3,2,1,0,0.7663832902908325
33686,1,Q4,2,4,2,2,0,0.5792408585548401
33778,1,Q3,6,0,0,0,6,0.0
339,1,Q4,2,1,1,0,1,0.2880631387233734
33985,1,Q4,4,4,4,0,0,0.7343544289469719
34036,1,Q3,2,3,2,1,0,0.6569268554449081
34211,1,Q2,2,6,2,4,0,0.5057294368743896
34306,1,Q2,2,2,2,0,0,0.8705272972583771
34415,1,Q4,2,3,2,1,0,0.8402713239192963
34597,1,Q4,2,4,2,2,0,0.32314901053905487
34824,1,Q3,7,3,3,0,4,0.6013551453749338
34873,1,Q4,2,3,2,1,0,0.6326774805784225
35018,1,Q3,4,1,1,0,3,0.636734664440155
35069,1,Q2,2,3,0,3,2,0.0
35127,1,Q2,2,3,2,1,0,0.7834022343158722
35222,1,Q3,2,2,2,0,0,0.6263238191604614
35378,1,Q1,6,0,0,0,6,0.0
35471,1,Q1,3,0,0,0,3,0.0
35586,1,Q4,2,2,2,0,0,0.6625847667455673
35715,1,Q1,2,0,0,0,2,0.0
35744,1,Q4,2,2,1,1,1,0.46229657530784607
35829,1,Q2,2,1,1,0,1,0.7365551590919495
35885,1,Q1,4,3,2,1,2,0.7507544755935669
36010,1,Q1,2,0,0,0,2,0.0
36190,1,Q2,9,0,0,0,9,0.0
36295,1,Q4,2,3,2,1,0,0.6780836284160614
36390,1,Q2,2,3,2,1,0,0.7750582993030548
36453,1,Q1,2,3,1,2,1,0.6937152147293091
36597,1,Q2,2,3,1,2,1,0.6485753059387207
36707,1,Q4,2,2,1,1,1,0.5549335479736328
36746,1,Q3,2,7,2,5,0,0.5107314884662628
36949,1,Q2,4,4,3,1,1,0.825324813524882
37076,1,Q1,4,2,2,0,2,0.653064489364624
37149,1,Q2,4,0,0,0,4,0.0
37280,1,Q2,2,0,0,0,2,0.0
37400,1,Q2,4,0,0,0,4,0.0
37451,1,Q3,6,3,0,3,6,0.0
3751,1,Q1,2,3,1,2,1,0.7753086686134338
37586,1,Q3,7,0,0,0,7,0.0
37735,1,Q4,2,3,2,1,0,0.8892978131771088
37817,1,Q2,6,3,3,0,3,0.2928965588410695
37856,1,Q2,4,6,0,6,4,0.0
37903,1,Q1,2,1,1,0,1,0.7792954444885254
37942,1,Q4,2,3,2,1,0,0.8985936045646667
38034,1,Q1,2,0,0,0,2,0.0
38136,1,Q4,2,1,1,0,1,0.9008042812347412
38256,1,Q3,4,2,0,2,4,0.0
38294,1,Q4,2,0,0,0,2,0.0
38456,1,Q3,3,2,2,0,1,0.7699874639511108
38486,1,Q2,7,0,0,0,7,0.0
38548,1,Q1,3,0,0,0,3,0.0
38633,1,Q2,3,1,1,0,2,0.7196969985961914
38699,1,Q1,2,2,1,1,1,0.8510100841522217
38913,1,Q4,2,5,2,3,0,0.36073334515094757
38996,1,Q1,4,0,0,0,4,0.0
39099,1,Q1,2,4,2,2,0,0.8059116899967194
39299,1,Q2,2,0,0,0,2,0.0
39366,1,Q3,2,0,0,0,2,0.0
39549,1,Q1,2,2,0,2,2,0.0
39625,1,Q1,4,2,2,0,2,0.6683811694383621
39737,1,Q4,2,4,2,2,0,0.9145380258560181
39875,1,Q1,2,5,2,3,0,0.5578102469444275
39944,1,Q4,2,2,2,0,0,0.5143898278474808
40033,1,Q4,2,4,2,2,0,0.9152870178222656
4022,1,Q1,4,4,1,3,3,0.456593781709671
40298,1,Q1,12,0,0,0,12,0.0
40349,1,Q1,3,0,0,0,3,0.0
40373,1,Q4,2,2,2,0,0,0.8927163481712341
4045,1,Q1,4,0,0,0,4,0.0
40519,1,Q1,2,2,1,1,1,0.820574164390564
40582,1,Q2,2,0,0,0,2,0.0
40728,1,Q2,8,0,0,0,8,0.0
40828,1,Q4,2,3,2,1,0,0.7005620002746582
40919,1,Q4,2,2,2,0,0,0.9252434968948364
40974,1,Q2,2,0,0,0,2,0.0
41024,1,Q4,3,5,3,2,0,0.8926418224970499
41080,1,Q4,2,3,2,1,0,0.7868197858333588
41171,1,Q3,2,5,1,4,1,0.5450081825256348
41255,1,Q3,9,0,0,0,9,0.0
414,1,Q3,2,3,1,2,1,0.33647623658180237
41517,1,Q4,2,3,2,1,0,0.946992963552475
41600,1,Q2,3,2,0,2,3,0.0
41697,1,Q4,2,2,2,0,0,0.4526230916380882
41830,1,Q4,2,4,2,2,0,0.6512793302536011
41895,1,Q2,3,0,0,0,3,0.0
42035,1,Q4,2,2,2,0,0,0.8659128248691559
42121,1,Q3,6,0,0,0,6,0.0
4222,1,Q4,1,1,1,0,0,0.9177572131156921
42289,1,Q1,3,0,0,0,3,0.0
42385,1,Q3,2,3,2,1,0,0.7143538892269135
42461,1,Q2,2,5,1,4,1,0.41196098923683167
42632,1,Q4,2,1,1,0,1,0.47348254919052124
42742,1,Q1,4,2,2,0,2,0.8085075318813324
42832,1,Q1,2,1,0,1,2,0.0
43085,1,Q4,3,4,3,1,0,0.7558371424674988
43142,1,Q2,2,6,2,4,0,0.8413477540016174
4321,1,Q4,2,4,2,2,0,0.6664839088916779
43285,1,Q2,2,1,1,0,1,0.9020991921424866
43368,1,Q1,2,1,1,0,1,0.4710327386856079
43610,1,Q2,3,0,0,0,3,0.0
4371,1,Q4,1,4,0,4,1,0.0
43810,1,Q3,5,7,5,2,0,0.6961931467056275
43915,1,Q1,2,1,0,1,2,0.0
44020,1,Q1,2,2,0,2,2,0.0
44171,1,Q3,2,1,0,1,2,0.0
44236,1,Q3,2,1,1,0,1,0.5459330081939697
44311,1,Q2,4,0,0,0,4,0.0
44420,1,Q1,2,3,2,1,0,0.43801650404930115
44555,1,Q3,2,3,1,2,1,0.39465147256851196
44622,1,Q3,2,3,2,1,0,0.8434075713157654
44666,1,Q3,2,3,2,1,0,0.5025987178087234
44778,1,Q2,2,2,1,1,1,0.14040875434875488
44829,1,Q3,2,1,1,0,1,0.11075353622436523
45004,1,Q1,4,1,1,0,3,0.2688775658607483
45133,1,Q1,4,5,2,3,2,0.7726535797119141
45182,1,Q4,2,2,2,0,0,0.8766228258609772
45310,1,Q3,6,3,2,1,4,0.7580518126487732
45381,1,Q1,2,0,0,0,2,0.0
45536,1,Q2,2,3,1,2,1,0.6986455917358398
45620,1,Q3,2,5,2,3,0,0.7562442123889923
45767,1,Q2,2,7,2,5,0,0.8466389775276184
45878,1,Q3,2,4,2,2,0,0.4500103294849396
45958,1,Q2,8,0,0,0,8,0.0
46106,1,Q1,3,0,0,0,3,0.0
46206,1,Q2,5,0,0,0,5,0.0
46309,1,Q2,2,4,2,2,0,0.3182160258293152
46366,1,Q3,8,9,6,3,2,0.6021156460046768
46500,1,Q3,2,0,0,0,2,0.0
46698,1,Q2,2,7,2,5,0,0.6975357532501221
46849,1,Q4,2,1,1,0,1,0.6909202337265015
46907,1,Q4,2,8,2,6,0,0.6363421976566315
46969,1,Q2,6,4,4,0,2,0.598821647465229
47030,1,Q2,2,2,0,2,2,0.0
47069,1,Q3,3,7,3,4,0,0.8171359499295553
47151,1,Q1,2,0,0,0,2,0.0
47261,1,Q3,2,3,1,2,1,0.3184300661087036
4740,1,Q4,2,6,2,4,0,0.7362169623374939
47441,1,Q1,4,0,0,0,4,0.0
47770,1,Q3,5,6,5,1,0,0.6683279275894165
47916,1,Q4,2,2,2,0,0,0.8533319234848022
48113,1,Q1,2,1,1,0,1,0.7485029697418213
48207,1,Q4,2,5,2,3,0,0.6562935709953308
48272,1,Q4,2,5,2,3,0,0.5676454156637192
48333,1,Q3,4,2,0,2,4,0.0
4845,1,Q1,2,2,1,1,1,0.6854209303855896
4865,1,Q1,2,0,0,0,2,0.0
48718,1,Q1,6,0,0,0,6,0.0
48836,1,Q3,3,9,3,6,0,0.6671453515688578
48981,1,Q4,2,4,2,2,0,0.8916814029216766
49042,1,Q2,2,0,0,0,2,0.0
49233,1,Q2,3,1,1,0,2,0.7415730357170105
49506,1,Q1,2,0,0,0,2,0.0
4957,1,Q1,2,1,0,1,2,0.0
49711,1,Q4,2,4,1,3,1,0.296484112739563
49733,1,Q1,2,0,0,0,2,0.0
49799,1,Q3,2,1,1,0,1,0.4285714328289032
4992,1,Q1,2,0,0,0,2,0.0
49982,1,Q3,3,5,2,3,1,0.675276905298233
50069,1,Q2,4,2,2,0,2,0.7485669851303101
50158,1,Q4,4,4,3,1,1,0.6879453361034393
50255,1,Q1,4,5,3,2,1,0.7056003510951996
50311,1,Q1,3,1,1,0,2,0.4126213490962982
50419,1,Q4,2,2,2,0,0,0.8908304274082184
50539,1,Q1,4,4,3,1,1,0.6380652089913686
50636,1,Q2,5,1,1,0,4,0.7654321193695068
50690,1,Q3,2,2,1,1,1,0.750923752784729
5080,1,Q4,2,3,2,1,0,0.9212812185287476
50907,1,Q3,4,0,0,0,4,0.0
50983,1,Q2,7,0,0,0,7,0.0
51069,1,Q3,2,2,1,1,1,0.28216561675071716
51165,1,Q4,2,1,1,0,1,0.7198492288589478
51227,1,Q1,2,8,2,6,0,0.5912697315216064
5130,1,Q2,2,9,2,7,0,0.6761913001537323
51345,1,Q4,2,2,2,0,0,0.8890809416770935
51552,1,Q3,2,6,2,4,0,0.6352420747280121
51718,1,Q2,3,1,1,0,2,0.1788879930973053
51796,1,Q3,6,0,0,0,6,0.0
51927,1,Q3,2,3,2,1,0,0.7145171612501144
52050,1,Q1,2,5,1,4,1,0.2935982346534729
5220,1,Q2,2,4,2,2,0,0.4882798530161381
52298,1,Q4,2,4,2,2,0,0.5859140455722809
52396,1,Q4,2,1,1,0,1,0.2033948004245758
52590,1,Q3,2,3,2,1,0,0.6769669204950333
5270,1,Q3,2,2,2,0,0,0.5972919762134552
52798,1,Q1,4,6,3,3,1,0.8143289089202881
52927,1,Q3,2,3,2,1,0,0.8169187903404236
53118,1,Q2,5,4,3,1,2,0.4298249880472819
53157,1,Q3,6,2,2,0,4,0.33671680092811584
53248,1,Q2,2,4,2,2,0,0.45409391820430756
53404,1,Q4,2,3,2,1,0,0.93670454621315
53527,1,Q1,3,3,0,3,3,0.0
53675,1,Q2,6,0,0,0,6,0.0
5385,1,Q2,2,1,1,0,1,0.2916666567325592
53927,1,Q3,2,0,0,0,2,0.0
54000,1,Q4,2,3,2,1,0,0.6553890407085419
54040,1,Q2,2,3,2,1,0,0.46969714760780334
54152,1,Q4,2,3,2,1,0,0.9155839085578918
5436,1,Q3,2,1,1,0,1,0.5527117848396301
54527,1,Q4,1,1,1,0,0,0.8513374328613281
54553,1,Q2,2,1,0,1,2,0.0
54710,1,Q2,2,3,2,1,0,0.8615210652351379
54790,1,Q2,3,4,3,1,0,0.7141734560330709
54870,1,Q3,2,2,1,1,1,0.6521651744842529
54945,1,Q4,4,4,4,0,0,0.7548924684524536
55025,1,Q3,6,0,0,0,6,0.0
55072,1,Q3,2,3,2,1,0,0.7776925265789032
55175,1,Q4,4,3,3,0,1,0.7137566208839417
55291,1,Q1,4,0,0,0,4,0.0
55394,1,Q4,4,0,0,0,4,0.0
55541,1,Q1,6,0,0,0,6,0.0
55651,1,Q2,2,0,0,0,2,0.0
55695,1,Q3,4,2,2,0,2,0.4978777915239334
55790,1,Q4,2,5,2,3,0,0.6694158166646957
55949,1,Q3,2,1,0,1,2,0.0
56127,1,Q2,2,1,0,1,2,0.0
5626,1,Q2,3,0,0,0,3,0.0
56311,1,Q1,2,2,0,2,2,0.0
56438,1,Q3,2,1,1,0,1,0.1040152981877327
56515,1,Q3,6,2,2,0,4,0.6396685242652893
56589,1,Q4,2,3,2,1,0,0.9554874897003174
56723,1,Q2,2,1,1,0,1,0.8271954655647278
56793,1,Q4,4,3,2,1,2,0.6540320664644241
569,1,Q3,2,2,2,0,0,0.7007558345794678
56997,1,Q3,2,1,1,0,1,0.6102941036224365
57085,1,Q2,4,0,0,0,4,0.0
57239,1,Q2,3,4,3,1,0,0.7276691198348999
57328,1,Q4,2,2,2,0,0,0.9594968259334564
57505,1,Q1,2,0,0,0,2,0.0
57643,1,Q4,2,4,2,2,0,0.921149492263794
5772,1,Q2,6,8,5,3,1,0.5027123928070069
57824,1,Q2,4,7,0,7,4,0.0
57927,1,Q3,2,3,2,1,0,0.9231039881706238
58081,1,Q2,2,7,2,5,0,0.279853954911232
58180,1,Q1,2,2,0,2,2,0.0
58338,1,Q3,2,4,2,2,0,0.8824343681335449
58425,1,Q3,2,1,0,1,2,0.0
58510,1,Q1,2,3,1,2,1,0.8797687888145447
58593,1,Q3,4,1,0,1,4,0.0
58697,1,Q2,2,0,0,0,2,0.0
58782,1,Q4,5,4,4,0,1,0.7201399803161621
58955,1,Q1,6,6,4,2,2,0.75455342233181
59022,1,Q3,6,0,0,0,6,0.0
59148,1,Q2,2,6,2,4,0,0.5228482857346535
59255,1,Q3,8,0,0,0,8,0.0
59375,1,Q1,3,0,0,0,3,0.0
59453,1,Q3,2,2,2,0,0,0.4295729845762253
59617,1,Q3,2,4,2,2,0,0.8969843089580536
5967,1,Q1,6,2,0,2,6,0.0
59840,1,Q3,2,3,2,1,0,0.9044053554534912
59951,1,Q4,2,2,2,0,0,0.3638950139284134
60046,1,Q1,2,1,0,1,2,0.0
6011,1,Q2,2,4,2,2,0,0.27947939932346344
60195,1,Q1,3,2,2,0,1,0.5912114828824997
60298,1,Q3,6,2,0,2,6,0.0
60340,1,Q2,5,0,0,0,5,0.0
60457,1,Q4,2,4,2,2,0,0.9391672015190125
6060,1,Q3,2,0,0,0,2,0.0
60829,1,Q1,2,0,0,0,2,0.0
60986,1,Q3,4,4,4,0,0,0.8011403828859329
6103,1,Q2,2,3,2,1,0,0.5333223566412926
61134,1,Q3,4,0,0,0,4,0.0
61270,1,Q2,3,4,3,1,0,0.8480242888132731
61355,1,Q1,4,0,0,0,4,0.0
61566,1,Q1,2,2,2,0,0,0.45849114656448364
61725,1,Q3,2,3,0,3,2,0.0
61883,1,Q2,2,4,2,2,0,0.6452013254165649
61997,1,Q1,1,4,1,3,0,0.6424484252929688
6212,1,Q4,4,4,3,1,1,0.8520174622535706
62249,1,Q1,2,1,0,1,2,0.0
62330,1,Q3,4,4,4,0,0,0.48034872114658356
62519,1,Q3,2,2,2,0,0,0.7027000486850739
62663,1,Q3,2,1,1,0,1,0.6286516189575195
62793,1,Q3,4,4,2,2,2,0.602235734462738
62865,1,Q2,4,0,0,0,4,0.0
63046,1,Q1,3,4,3,1,0,0.6167900214592615
63117,1,Q1,4,2,0,2,4,0.0
63245,1,Q3,2,4,2,2,0,0.5669447928667068
633,1,Q1,2,3,2,1,0,0.8442137539386749
63355,1,Q2,4,1,1,0,3,0.4858756959438324
63427,1,Q1,3,3,2,1,1,0.5201124399900436
63654,1,Q3,2,1,1,0,1,0.8639456033706665
63713,1,Q1,3,2,0,2,3,0.0
63834,1,Q2,2,6,1,5,1,0.9471083879470825
63947,1,Q4,3,4,3,1,0,0.6747224479913712
6407,1,Q1,4,3,2,1,2,0.5426688492298126
64128,1,Q4,4,5,3,2,1,0.8666443427403768
6419,1,Q3,2,4,2,2,0,0.8875405490398407
64245,1,Q2,2,4,2,2,0,0.8151678442955017
64289,1,Q4,2,2,2,0,0,0.6212199032306671
64391,1,Q2,2,4,1,3,1,0.6963626742362976
6454,1,Q2,5,4,1,3,4,0.5379746556282043
64717,1,Q1,2,0,0,0,2,0.0
64773,1,Q3,4,1,1,0,3,0.5634218454360962
64941,1,Q2,2,4,1,3,1,0.2266986072063446
6508,1,Q4,3,4,3,1,0,0.8795807361602783
65214,1,Q1,2,5,2,3,0,0.7672527432441711
65311,1,Q4,2,1,0,1,2,0.0
65399,1,Q2,4,0,0,0,4,0.0
65532,1,Q1,3,0,0,0,3,0.0
6618,1,Q1,2,1,0,1,2,0.0
6696,1,Q1,3,2,2,0,1,0.7991965115070343
6800,1,Q2,2,2,1,1,1,0.20022329688072205
6932,1,Q2,6,2,1,1,5,0.7924970984458923
7004,1,Q4,6,4,4,0,2,0.6429110243916512
7130,1,Q1,5,0,0,0,5,0.0
7279,1,Q1,2,0,0,0,2,0.0
7411,1,Q4,2,2,2,0,0,0.8630011975765228
7498,1,Q3,5,3,1,2,4,0.28057554364204407
7610,1,Q2,5,0,0,0,5,0.0
770,1,Q1,6,1,0,1,6,0.0
7715,1,Q4,2,3,2,1,0,0.7413786053657532
7771,1,Q2,3,2,1,1,2,0.6372548937797546
7972,1,Q3,2,2,1,1,1,0.6911302804946899
8074,1,Q4,2,2,2,0,0,0.9134938418865204
8130,1,Q1,2,2,0,2,2,0.0
8259,1,Q3,2,4,0,4,2,0.0
8388,1,Q4,2,3,2,1,0,0.6698710173368454
8481,1,Q1,2,1,0,1,2,0.0
8678,1,Q4,2,2,2,0,0,0.46299203485250473
8733,1,Q3,2,3,2,1,0,0.7938346564769745
8874,1,Q2,2,5,0,5,2,0.0
899,1,Q2,2,3,0,3,2,0.0
9086,1,Q3,2,0,0,0,2,0.0
9218,1,Q3,2,2,1,1,1,0.3920862078666687
9568,1,Q4,2,2,2,0,0,0.4445573762059212
9759,1,Q2,10,0,0,0,10,0.0
9849,1,Q4,2,3,2,1,0,0.7168153524398804
9977,1,Q1,2,0,0,0,2,0.0
