image_id,n_samples,n_classes,classes
10,2,2,"authentic,forged"
10015,2,2,"authentic,forged"
10017,2,2,"authentic,forged"
10030,2,2,"authentic,forged"
10070,2,2,"authentic,forged"
1008,2,2,"authentic,forged"
10138,2,2,"authentic,forged"
10139,2,2,"authentic,forged"
10147,2,2,"authentic,forged"
10152,2,2,"authentic,forged"
10176,2,2,"authentic,forged"
10180,2,2,"authentic,forged"
10208,2,2,"authentic,forged"
10266,2,2,"authentic,forged"
10277,2,2,"authentic,forged"
10290,2,2,"authentic,forged"
10296,2,2,"authentic,forged"
10348,2,2,"authentic,forged"
10398,2,2,"authentic,forged"
10408,2,2,"authentic,forged"
1041,2,2,"authentic,forged"
10435,2,2,"authentic,forged"
10448,2,2,"authentic,forged"
10457,2,2,"authentic,forged"
10458,2,2,"authentic,forged"
10476,2,2,"authentic,forged"
10570,2,2,"authentic,forged"
10602,2,2,"authentic,forged"
10632,2,2,"authentic,forged"
10636,2,2,"authentic,forged"
10645,2,2,"authentic,forged"
10703,2,2,"authentic,forged"
10730,2,2,"authentic,forged"
10742,2,2,"authentic,forged"
10799,2,2,"authentic,forged"
10838,2,2,"authentic,forged"
10855,2,2,"authentic,forged"
10878,2,2,"authentic,forged"
10884,2,2,"authentic,forged"
10886,2,2,"authentic,forged"
10911,2,2,"authentic,forged"
10939,2,2,"authentic,forged"
10951,2,2,"authentic,forged"
10980,2,2,"authentic,forged"
10986,2,2,"authentic,forged"
10991,2,2,"authentic,forged"
10992,2,2,"authentic,forged"
1101,2,2,"authentic,forged"
11010,2,2,"authentic,forged"
11128,2,2,"authentic,forged"
11206,2,2,"authentic,forged"
11223,2,2,"authentic,forged"
11240,2,2,"authentic,forged"
11249,2,2,"authentic,forged"
11277,2,2,"authentic,forged"
11296,2,2,"authentic,forged"
11299,2,2,"authentic,forged"
11307,2,2,"authentic,forged"
11356,2,2,"authentic,forged"
11392,2,2,"authentic,forged"
11399,2,2,"authentic,forged"
11426,2,2,"authentic,forged"
1143,2,2,"authentic,forged"
11440,2,2,"authentic,forged"
11446,2,2,"authentic,forged"
11501,2,2,"authentic,forged"
11508,2,2,"authentic,forged"
11513,2,2,"authentic,forged"
11547,2,2,"authentic,forged"
11548,2,2,"authentic,forged"
11639,2,2,"authentic,forged"
11646,2,2,"authentic,forged"
11662,2,2,"authentic,forged"
11698,2,2,"authentic,forged"
11708,2,2,"authentic,forged"
1173,2,2,"authentic,forged"
1174,2,2,"authentic,forged"
11740,2,2,"authentic,forged"
11747,2,2,"authentic,forged"
11761,2,2,"authentic,forged"
11854,2,2,"authentic,forged"
11904,2,2,"authentic,forged"
11910,2,2,"authentic,forged"
11919,2,2,"authentic,forged"
11942,2,2,"authentic,forged"
11954,2,2,"authentic,forged"
11964,2,2,"authentic,forged"
11985,2,2,"authentic,forged"
1201,2,2,"authentic,forged"
12019,2,2,"authentic,forged"
12046,2,2,"authentic,forged"
12051,2,2,"authentic,forged"
12064,2,2,"authentic,forged"
12073,2,2,"authentic,forged"
12115,2,2,"authentic,forged"
12124,2,2,"authentic,forged"
12143,2,2,"authentic,forged"
12149,2,2,"authentic,forged"
12184,2,2,"authentic,forged"
12244,2,2,"authentic,forged"
1225,2,2,"authentic,forged"
12261,2,2,"authentic,forged"
12262,2,2,"authentic,forged"
12265,2,2,"authentic,forged"
12289,2,2,"authentic,forged"
12298,2,2,"authentic,forged"
12299,2,2,"authentic,forged"
12300,2,2,"authentic,forged"
12307,2,2,"authentic,forged"
12355,2,2,"authentic,forged"
12363,2,2,"authentic,forged"
12364,2,2,"authentic,forged"
12366,2,2,"authentic,forged"
1237,2,2,"authentic,forged"
12412,2,2,"authentic,forged"
12427,2,2,"authentic,forged"
12446,2,2,"authentic,forged"
12459,2,2,"authentic,forged"
12505,2,2,"authentic,forged"
1251,2,2,"authentic,forged"
12557,2,2,"authentic,forged"
12572,2,2,"authentic,forged"
12574,2,2,"authentic,forged"
12589,2,2,"authentic,forged"
12612,2,2,"authentic,forged"
12615,2,2,"authentic,forged"
12629,2,2,"authentic,forged"
1270,2,2,"authentic,forged"
12705,2,2,"authentic,forged"
1272,2,2,"authentic,forged"
12747,2,2,"authentic,forged"
12793,2,2,"authentic,forged"
12798,2,2,"authentic,forged"
12809,2,2,"authentic,forged"
12823,2,2,"authentic,forged"
12862,2,2,"authentic,forged"
12879,2,2,"authentic,forged"
12912,2,2,"authentic,forged"
12919,2,2,"authentic,forged"
12924,2,2,"authentic,forged"
13020,2,2,"authentic,forged"
13072,2,2,"authentic,forged"
13108,2,2,"authentic,forged"
13115,2,2,"authentic,forged"
13121,2,2,"authentic,forged"
13187,2,2,"authentic,forged"
13219,2,2,"authentic,forged"
13254,2,2,"authentic,forged"
13315,2,2,"authentic,forged"
13333,2,2,"authentic,forged"
13361,2,2,"authentic,forged"
13415,2,2,"authentic,forged"
13444,2,2,"authentic,forged"
13451,2,2,"authentic,forged"
13511,2,2,"authentic,forged"
13516,2,2,"authentic,forged"
1353,2,2,"authentic,forged"
13603,2,2,"authentic,forged"
13611,2,2,"authentic,forged"
13624,2,2,"authentic,forged"
13635,2,2,"authentic,forged"
13665,2,2,"authentic,forged"
13670,2,2,"authentic,forged"
13677,2,2,"authentic,forged"
13725,2,2,"authentic,forged"
13742,2,2,"authentic,forged"
13744,2,2,"authentic,forged"
13785,2,2,"authentic,forged"
13813,2,2,"authentic,forged"
13839,2,2,"authentic,forged"
13846,2,2,"authentic,forged"
1385,2,2,"authentic,forged"
1386,2,2,"authentic,forged"
13863,2,2,"authentic,forged"
13893,2,2,"authentic,forged"
13898,2,2,"authentic,forged"
13905,2,2,"authentic,forged"
13920,2,2,"authentic,forged"
13957,2,2,"authentic,forged"
13971,2,2,"authentic,forged"
13986,2,2,"authentic,forged"
13989,2,2,"authentic,forged"
14010,2,2,"authentic,forged"
14048,2,2,"authentic,forged"
14070,2,2,"authentic,forged"
14087,2,2,"authentic,forged"
14094,2,2,"authentic,forged"
14114,2,2,"authentic,forged"
14123,2,2,"authentic,forged"
14170,2,2,"authentic,forged"
14184,2,2,"authentic,forged"
1419,2,2,"authentic,forged"
14203,2,2,"authentic,forged"
14205,2,2,"authentic,forged"
14227,2,2,"authentic,forged"
14324,2,2,"authentic,forged"
14331,2,2,"authentic,forged"
14371,2,2,"authentic,forged"
14389,2,2,"authentic,forged"
14436,2,2,"authentic,forged"
14462,2,2,"authentic,forged"
14478,2,2,"authentic,forged"
14498,2,2,"authentic,forged"
14506,2,2,"authentic,forged"
14605,2,2,"authentic,forged"
14608,2,2,"authentic,forged"
14618,2,2,"authentic,forged"
14622,2,2,"authentic,forged"
14664,2,2,"authentic,forged"
1467,2,2,"authentic,forged"
14690,2,2,"authentic,forged"
14692,2,2,"authentic,forged"
14700,2,2,"authentic,forged"
14710,2,2,"authentic,forged"
14716,2,2,"authentic,forged"
14720,2,2,"authentic,forged"
14747,2,2,"authentic,forged"
14770,2,2,"authentic,forged"
14776,2,2,"authentic,forged"
14820,2,2,"authentic,forged"
14822,2,2,"authentic,forged"
14829,2,2,"authentic,forged"
14868,2,2,"authentic,forged"
14891,2,2,"authentic,forged"
14898,2,2,"authentic,forged"
14908,2,2,"authentic,forged"
14944,2,2,"authentic,forged"
14954,2,2,"authentic,forged"
14965,2,2,"authentic,forged"
14988,2,2,"authentic,forged"
14999,2,2,"authentic,forged"
15010,2,2,"authentic,forged"
15056,2,2,"authentic,forged"
15061,2,2,"authentic,forged"
15120,2,2,"authentic,forged"
15171,2,2,"authentic,forged"
15176,2,2,"authentic,forged"
15269,2,2,"authentic,forged"
15285,2,2,"authentic,forged"
15295,2,2,"authentic,forged"
15314,2,2,"authentic,forged"
15321,2,2,"authentic,forged"
1536,2,2,"authentic,forged"
15369,2,2,"authentic,forged"
1538,2,2,"authentic,forged"
15409,2,2,"authentic,forged"
15426,2,2,"authentic,forged"
15453,2,2,"authentic,forged"
15463,2,2,"authentic,forged"
15566,2,2,"authentic,forged"
15573,2,2,"authentic,forged"
15579,2,2,"authentic,forged"
156,2,2,"authentic,forged"
15660,2,2,"authentic,forged"
15670,2,2,"authentic,forged"
15733,2,2,"authentic,forged"
1574,2,2,"authentic,forged"
1575,2,2,"authentic,forged"
15767,2,2,"authentic,forged"
15784,2,2,"authentic,forged"
15813,2,2,"authentic,forged"
15815,2,2,"authentic,forged"
15816,2,2,"authentic,forged"
15860,2,2,"authentic,forged"
1587,2,2,"authentic,forged"
15879,2,2,"authentic,forged"
15886,2,2,"authentic,forged"
15913,2,2,"authentic,forged"
15940,2,2,"authentic,forged"
15987,2,2,"authentic,forged"
15994,2,2,"authentic,forged"
16037,2,2,"authentic,forged"
16061,2,2,"authentic,forged"
1608,2,2,"authentic,forged"
16097,2,2,"authentic,forged"
16108,2,2,"authentic,forged"
16112,2,2,"authentic,forged"
16130,2,2,"authentic,forged"
16161,2,2,"authentic,forged"
16184,2,2,"authentic,forged"
16191,2,2,"authentic,forged"
16205,2,2,"authentic,forged"
16215,2,2,"authentic,forged"
16219,2,2,"authentic,forged"
16221,2,2,"authentic,forged"
1625,2,2,"authentic,forged"
16293,2,2,"authentic,forged"
16294,2,2,"authentic,forged"
16336,2,2,"authentic,forged"
16357,2,2,"authentic,forged"
16359,2,2,"authentic,forged"
1638,2,2,"authentic,forged"
1641,2,2,"authentic,forged"
16410,2,2,"authentic,forged"
16485,2,2,"authentic,forged"
16526,2,2,"authentic,forged"
16534,2,2,"authentic,forged"
16538,2,2,"authentic,forged"
16550,2,2,"authentic,forged"
16579,2,2,"authentic,forged"
16612,2,2,"authentic,forged"
16614,2,2,"authentic,forged"
16630,2,2,"authentic,forged"
16647,2,2,"authentic,forged"
16648,2,2,"authentic,forged"
16649,2,2,"authentic,forged"
16667,2,2,"authentic,forged"
16683,2,2,"authentic,forged"
16703,2,2,"authentic,forged"
16729,2,2,"authentic,forged"
16751,2,2,"authentic,forged"
16866,2,2,"authentic,forged"
16897,2,2,"authentic,forged"
16939,2,2,"authentic,forged"
16951,2,2,"authentic,forged"
16960,2,2,"authentic,forged"
16974,2,2,"authentic,forged"
17008,2,2,"authentic,forged"
17030,2,2,"authentic,forged"
17052,2,2,"authentic,forged"
17071,2,2,"authentic,forged"
17124,2,2,"authentic,forged"
17128,2,2,"authentic,forged"
17134,2,2,"authentic,forged"
17218,2,2,"authentic,forged"
17245,2,2,"authentic,forged"
17249,2,2,"authentic,forged"
17268,2,2,"authentic,forged"
17280,2,2,"authentic,forged"
17298,2,2,"authentic,forged"
17324,2,2,"authentic,forged"
17334,2,2,"authentic,forged"
17418,2,2,"authentic,forged"
17493,2,2,"authentic,forged"
17528,2,2,"authentic,forged"
17555,2,2,"authentic,forged"
17583,2,2,"authentic,forged"
17625,2,2,"authentic,forged"
17648,2,2,"authentic,forged"
17651,2,2,"authentic,forged"
17660,2,2,"authentic,forged"
17695,2,2,"authentic,forged"
17756,2,2,"authentic,forged"
17826,2,2,"authentic,forged"
1783,2,2,"authentic,forged"
17846,2,2,"authentic,forged"
17878,2,2,"authentic,forged"
17904,2,2,"authentic,forged"
17923,2,2,"authentic,forged"
17980,2,2,"authentic,forged"
18017,2,2,"authentic,forged"
18037,2,2,"authentic,forged"
1804,2,2,"authentic,forged"
18054,2,2,"authentic,forged"
1813,2,2,"authentic,forged"
18153,2,2,"authentic,forged"
18362,2,2,"authentic,forged"
18425,2,2,"authentic,forged"
18440,2,2,"authentic,forged"
18462,2,2,"authentic,forged"
18463,2,2,"authentic,forged"
18472,2,2,"authentic,forged"
1856,2,2,"authentic,forged"
1859,2,2,"authentic,forged"
18617,2,2,"authentic,forged"
18679,2,2,"authentic,forged"
18696,2,2,"authentic,forged"
187,2,2,"authentic,forged"
1873,2,2,"authentic,forged"
18760,2,2,"authentic,forged"
18781,2,2,"authentic,forged"
18788,2,2,"authentic,forged"
1879,2,2,"authentic,forged"
18877,2,2,"authentic,forged"
18929,2,2,"authentic,forged"
18940,2,2,"authentic,forged"
18971,2,2,"authentic,forged"
18995,2,2,"authentic,forged"
19054,2,2,"authentic,forged"
19074,2,2,"authentic,forged"
19116,2,2,"authentic,forged"
19121,2,2,"authentic,forged"
19162,2,2,"authentic,forged"
19193,2,2,"authentic,forged"
19253,2,2,"authentic,forged"
19281,2,2,"authentic,forged"
19294,2,2,"authentic,forged"
19332,2,2,"authentic,forged"
1940,2,2,"authentic,forged"
19467,2,2,"authentic,forged"
19512,2,2,"authentic,forged"
19554,2,2,"authentic,forged"
19563,2,2,"authentic,forged"
19593,2,2,"authentic,forged"
19620,2,2,"authentic,forged"
19621,2,2,"authentic,forged"
19622,2,2,"authentic,forged"
19627,2,2,"authentic,forged"
19633,2,2,"authentic,forged"
19668,2,2,"authentic,forged"
19684,2,2,"authentic,forged"
19709,2,2,"authentic,forged"
19728,2,2,"authentic,forged"
19734,2,2,"authentic,forged"
19775,2,2,"authentic,forged"
19777,2,2,"authentic,forged"
19844,2,2,"authentic,forged"
19847,2,2,"authentic,forged"
19895,2,2,"authentic,forged"
19915,2,2,"authentic,forged"
19933,2,2,"authentic,forged"
19953,2,2,"authentic,forged"
19964,2,2,"authentic,forged"
19986,2,2,"authentic,forged"
19993,2,2,"authentic,forged"
20009,2,2,"authentic,forged"
20010,2,2,"authentic,forged"
20097,2,2,"authentic,forged"
20103,2,2,"authentic,forged"
20144,2,2,"authentic,forged"
20151,2,2,"authentic,forged"
20193,2,2,"authentic,forged"
20270,2,2,"authentic,forged"
20282,2,2,"authentic,forged"
2032,2,2,"authentic,forged"
20342,2,2,"authentic,forged"
20343,2,2,"authentic,forged"
20379,2,2,"authentic,forged"
20391,2,2,"authentic,forged"
20401,2,2,"authentic,forged"
20409,2,2,"authentic,forged"
20490,2,2,"authentic,forged"
20498,2,2,"authentic,forged"
2050,2,2,"authentic,forged"
20507,2,2,"authentic,forged"
20518,2,2,"authentic,forged"
20541,2,2,"authentic,forged"
20569,2,2,"authentic,forged"
20578,2,2,"authentic,forged"
20587,2,2,"authentic,forged"
2064,2,2,"authentic,forged"
20645,2,2,"authentic,forged"
20662,2,2,"authentic,forged"
20736,2,2,"authentic,forged"
20749,2,2,"authentic,forged"
20751,2,2,"authentic,forged"
20752,2,2,"authentic,forged"
20753,2,2,"authentic,forged"
20755,2,2,"authentic,forged"
20764,2,2,"authentic,forged"
20768,2,2,"authentic,forged"
20795,2,2,"authentic,forged"
20800,2,2,"authentic,forged"
20816,2,2,"authentic,forged"
20828,2,2,"authentic,forged"
2083,2,2,"authentic,forged"
20833,2,2,"authentic,forged"
20850,2,2,"authentic,forged"
2087,2,2,"authentic,forged"
209,2,2,"authentic,forged"
20920,2,2,"authentic,forged"
20985,2,2,"authentic,forged"
210,2,2,"authentic,forged"
21004,2,2,"authentic,forged"
21014,2,2,"authentic,forged"
21095,2,2,"authentic,forged"
21134,2,2,"authentic,forged"
21202,2,2,"authentic,forged"
21204,2,2,"authentic,forged"
2121,2,2,"authentic,forged"
21213,2,2,"authentic,forged"
21239,2,2,"authentic,forged"
21253,2,2,"authentic,forged"
21264,2,2,"authentic,forged"
21266,2,2,"authentic,forged"
21331,2,2,"authentic,forged"
21375,2,2,"authentic,forged"
21525,2,2,"authentic,forged"
21540,2,2,"authentic,forged"
21562,2,2,"authentic,forged"
2164,2,2,"authentic,forged"
21640,2,2,"authentic,forged"
21652,2,2,"authentic,forged"
21671,2,2,"authentic,forged"
21706,2,2,"authentic,forged"
21728,2,2,"authentic,forged"
21734,2,2,"authentic,forged"
21740,2,2,"authentic,forged"
21765,2,2,"authentic,forged"
21770,2,2,"authentic,forged"
21773,2,2,"authentic,forged"
21809,2,2,"authentic,forged"
21851,2,2,"authentic,forged"
21892,2,2,"authentic,forged"
21933,2,2,"authentic,forged"
21946,2,2,"authentic,forged"
21968,2,2,"authentic,forged"
22046,2,2,"authentic,forged"
22052,2,2,"authentic,forged"
22066,2,2,"authentic,forged"
22078,2,2,"authentic,forged"
22141,2,2,"authentic,forged"
22155,2,2,"authentic,forged"
22158,2,2,"authentic,forged"
22164,2,2,"authentic,forged"
22173,2,2,"authentic,forged"
22175,2,2,"authentic,forged"
22182,2,2,"authentic,forged"
22226,2,2,"authentic,forged"
22274,2,2,"authentic,forged"
2228,2,2,"authentic,forged"
22293,2,2,"authentic,forged"
22298,2,2,"authentic,forged"
2230,2,2,"authentic,forged"
22323,2,2,"authentic,forged"
22337,2,2,"authentic,forged"
22346,2,2,"authentic,forged"
22372,2,2,"authentic,forged"
22416,2,2,"authentic,forged"
22430,2,2,"authentic,forged"
2249,2,2,"authentic,forged"
22507,2,2,"authentic,forged"
22524,2,2,"authentic,forged"
22565,2,2,"authentic,forged"
22638,2,2,"authentic,forged"
22666,2,2,"authentic,forged"
22719,2,2,"authentic,forged"
22732,2,2,"authentic,forged"
22739,2,2,"authentic,forged"
2275,2,2,"authentic,forged"
22751,2,2,"authentic,forged"
2276,2,2,"authentic,forged"
22787,2,2,"authentic,forged"
22797,2,2,"authentic,forged"
22821,2,2,"authentic,forged"
22834,2,2,"authentic,forged"
22864,2,2,"authentic,forged"
2290,2,2,"authentic,forged"
22901,2,2,"authentic,forged"
22918,2,2,"authentic,forged"
22933,2,2,"authentic,forged"
22951,2,2,"authentic,forged"
22959,2,2,"authentic,forged"
230,2,2,"authentic,forged"
23006,2,2,"authentic,forged"
23038,2,2,"authentic,forged"
2305,2,2,"authentic,forged"
23105,2,2,"authentic,forged"
23115,2,2,"authentic,forged"
23128,2,2,"authentic,forged"
23143,2,2,"authentic,forged"
23146,2,2,"authentic,forged"
23157,2,2,"authentic,forged"
23175,2,2,"authentic,forged"
23223,2,2,"authentic,forged"
23236,2,2,"authentic,forged"
23247,2,2,"authentic,forged"
23251,2,2,"authentic,forged"
2326,2,2,"authentic,forged"
2329,2,2,"authentic,forged"
23357,2,2,"authentic,forged"
23391,2,2,"authentic,forged"
23398,2,2,"authentic,forged"
23428,2,2,"authentic,forged"
23432,2,2,"authentic,forged"
23460,2,2,"authentic,forged"
23463,2,2,"authentic,forged"
23499,2,2,"authentic,forged"
23502,2,2,"authentic,forged"
23510,2,2,"authentic,forged"
23527,2,2,"authentic,forged"
2357,2,2,"authentic,forged"
23636,2,2,"authentic,forged"
23665,2,2,"authentic,forged"
23726,2,2,"authentic,forged"
23772,2,2,"authentic,forged"
23818,2,2,"authentic,forged"
23860,2,2,"authentic,forged"
23868,2,2,"authentic,forged"
23904,2,2,"authentic,forged"
23930,2,2,"authentic,forged"
23976,2,2,"authentic,forged"
24012,2,2,"authentic,forged"
24027,2,2,"authentic,forged"
24029,2,2,"authentic,forged"
24032,2,2,"authentic,forged"
24043,2,2,"authentic,forged"
24097,2,2,"authentic,forged"
24135,2,2,"authentic,forged"
24147,2,2,"authentic,forged"
24193,2,2,"authentic,forged"
24201,2,2,"authentic,forged"
24218,2,2,"authentic,forged"
24268,2,2,"authentic,forged"
2430,2,2,"authentic,forged"
24332,2,2,"authentic,forged"
24336,2,2,"authentic,forged"
24348,2,2,"authentic,forged"
24351,2,2,"authentic,forged"
2436,2,2,"authentic,forged"
24381,2,2,"authentic,forged"
24386,2,2,"authentic,forged"
24402,2,2,"authentic,forged"
24473,2,2,"authentic,forged"
24482,2,2,"authentic,forged"
2450,2,2,"authentic,forged"
24505,2,2,"authentic,forged"
24554,2,2,"authentic,forged"
24555,2,2,"authentic,forged"
24578,2,2,"authentic,forged"
24600,2,2,"authentic,forged"
24606,2,2,"authentic,forged"
24615,2,2,"authentic,forged"
24635,2,2,"authentic,forged"
24654,2,2,"authentic,forged"
24676,2,2,"authentic,forged"
24682,2,2,"authentic,forged"
24686,2,2,"authentic,forged"
24696,2,2,"authentic,forged"
24736,2,2,"authentic,forged"
24749,2,2,"authentic,forged"
24755,2,2,"authentic,forged"
2476,2,2,"authentic,forged"
24770,2,2,"authentic,forged"
24795,2,2,"authentic,forged"
24867,2,2,"authentic,forged"
24894,2,2,"authentic,forged"
24912,2,2,"authentic,forged"
24934,2,2,"authentic,forged"
24937,2,2,"authentic,forged"
24960,2,2,"authentic,forged"
24980,2,2,"authentic,forged"
25001,2,2,"authentic,forged"
25003,2,2,"authentic,forged"
25022,2,2,"authentic,forged"
2506,2,2,"authentic,forged"
25064,2,2,"authentic,forged"
25067,2,2,"authentic,forged"
25124,2,2,"authentic,forged"
25142,2,2,"authentic,forged"
25245,2,2,"authentic,forged"
25285,2,2,"authentic,forged"
25311,2,2,"authentic,forged"
2534,2,2,"authentic,forged"
25340,2,2,"authentic,forged"
25344,2,2,"authentic,forged"
25351,2,2,"authentic,forged"
25356,2,2,"authentic,forged"
25388,2,2,"authentic,forged"
25390,2,2,"authentic,forged"
25443,2,2,"authentic,forged"
25450,2,2,"authentic,forged"
25458,2,2,"authentic,forged"
25472,2,2,"authentic,forged"
25486,2,2,"authentic,forged"
25502,2,2,"authentic,forged"
25525,2,2,"authentic,forged"
25552,2,2,"authentic,forged"
25555,2,2,"authentic,forged"
25570,2,2,"authentic,forged"
25638,2,2,"authentic,forged"
25654,2,2,"authentic,forged"
25715,2,2,"authentic,forged"
25749,2,2,"authentic,forged"
25764,2,2,"authentic,forged"
2577,2,2,"authentic,forged"
25861,2,2,"authentic,forged"
25907,2,2,"authentic,forged"
25908,2,2,"authentic,forged"
25957,2,2,"authentic,forged"
25981,2,2,"authentic,forged"
26015,2,2,"authentic,forged"
26023,2,2,"authentic,forged"
26035,2,2,"authentic,forged"
26049,2,2,"authentic,forged"
26119,2,2,"authentic,forged"
26121,2,2,"authentic,forged"
26140,2,2,"authentic,forged"
26148,2,2,"authentic,forged"
26200,2,2,"authentic,forged"
26208,2,2,"authentic,forged"
26211,2,2,"authentic,forged"
2622,2,2,"authentic,forged"
26252,2,2,"authentic,forged"
26292,2,2,"authentic,forged"
26329,2,2,"authentic,forged"
26335,2,2,"authentic,forged"
26370,2,2,"authentic,forged"
26430,2,2,"authentic,forged"
26435,2,2,"authentic,forged"
26436,2,2,"authentic,forged"
26442,2,2,"authentic,forged"
26461,2,2,"authentic,forged"
26477,2,2,"authentic,forged"
26492,2,2,"authentic,forged"
26499,2,2,"authentic,forged"
26523,2,2,"authentic,forged"
26560,2,2,"authentic,forged"
2657,2,2,"authentic,forged"
26583,2,2,"authentic,forged"
26606,2,2,"authentic,forged"
26644,2,2,"authentic,forged"
26730,2,2,"authentic,forged"
26766,2,2,"authentic,forged"
26868,2,2,"authentic,forged"
26894,2,2,"authentic,forged"
26929,2,2,"authentic,forged"
26977,2,2,"authentic,forged"
27023,2,2,"authentic,forged"
27034,2,2,"authentic,forged"
27061,2,2,"authentic,forged"
27091,2,2,"authentic,forged"
27148,2,2,"authentic,forged"
27168,2,2,"authentic,forged"
27195,2,2,"authentic,forged"
27284,2,2,"authentic,forged"
27300,2,2,"authentic,forged"
27312,2,2,"authentic,forged"
27409,2,2,"authentic,forged"
27419,2,2,"authentic,forged"
27454,2,2,"authentic,forged"
27462,2,2,"authentic,forged"
27586,2,2,"authentic,forged"
27606,2,2,"authentic,forged"
27620,2,2,"authentic,forged"
27639,2,2,"authentic,forged"
27694,2,2,"authentic,forged"
27705,2,2,"authentic,forged"
27807,2,2,"authentic,forged"
27822,2,2,"authentic,forged"
27849,2,2,"authentic,forged"
27862,2,2,"authentic,forged"
27889,2,2,"authentic,forged"
27896,2,2,"authentic,forged"
27929,2,2,"authentic,forged"
27957,2,2,"authentic,forged"
28002,2,2,"authentic,forged"
28011,2,2,"authentic,forged"
28014,2,2,"authentic,forged"
28059,2,2,"authentic,forged"
28061,2,2,"authentic,forged"
28081,2,2,"authentic,forged"
28195,2,2,"authentic,forged"
28209,2,2,"authentic,forged"
28213,2,2,"authentic,forged"
28226,2,2,"authentic,forged"
28245,2,2,"authentic,forged"
28248,2,2,"authentic,forged"
28251,2,2,"authentic,forged"
28264,2,2,"authentic,forged"
28279,2,2,"authentic,forged"
28283,2,2,"authentic,forged"
28307,2,2,"authentic,forged"
28310,2,2,"authentic,forged"
28355,2,2,"authentic,forged"
28390,2,2,"authentic,forged"
28412,2,2,"authentic,forged"
28449,2,2,"authentic,forged"
28465,2,2,"authentic,forged"
28469,2,2,"authentic,forged"
28496,2,2,"authentic,forged"
28548,2,2,"authentic,forged"
28559,2,2,"authentic,forged"
28571,2,2,"authentic,forged"
28578,2,2,"authentic,forged"
28602,2,2,"authentic,forged"
28614,2,2,"authentic,forged"
28617,2,2,"authentic,forged"
28714,2,2,"authentic,forged"
28800,2,2,"authentic,forged"
28818,2,2,"authentic,forged"
28878,2,2,"authentic,forged"
28879,2,2,"authentic,forged"
28904,2,2,"authentic,forged"
28921,2,2,"authentic,forged"
28922,2,2,"authentic,forged"
28928,2,2,"authentic,forged"
28949,2,2,"authentic,forged"
2896,2,2,"authentic,forged"
28962,2,2,"authentic,forged"
28965,2,2,"authentic,forged"
28971,2,2,"authentic,forged"
28972,2,2,"authentic,forged"
29010,2,2,"authentic,forged"
29025,2,2,"authentic,forged"
29076,2,2,"authentic,forged"
29083,2,2,"authentic,forged"
29087,2,2,"authentic,forged"
2910,2,2,"authentic,forged"
29129,2,2,"authentic,forged"
29146,2,2,"authentic,forged"
29171,2,2,"authentic,forged"
29220,2,2,"authentic,forged"
29229,2,2,"authentic,forged"
29234,2,2,"authentic,forged"
29277,2,2,"authentic,forged"
29281,2,2,"authentic,forged"
29380,2,2,"authentic,forged"
29464,2,2,"authentic,forged"
29466,2,2,"authentic,forged"
29472,2,2,"authentic,forged"
29475,2,2,"authentic,forged"
29482,2,2,"authentic,forged"
29503,2,2,"authentic,forged"
29508,2,2,"authentic,forged"
29524,2,2,"authentic,forged"
29535,2,2,"authentic,forged"
29593,2,2,"authentic,forged"
29605,2,2,"authentic,forged"
29607,2,2,"authentic,forged"
2961,2,2,"authentic,forged"
2966,2,2,"authentic,forged"
29663,2,2,"authentic,forged"
29671,2,2,"authentic,forged"
29675,2,2,"authentic,forged"
29679,2,2,"authentic,forged"
29736,2,2,"authentic,forged"
29770,2,2,"authentic,forged"
29793,2,2,"authentic,forged"
29797,2,2,"authentic,forged"
298,2,2,"authentic,forged"
29894,2,2,"authentic,forged"
29899,2,2,"authentic,forged"
29912,2,2,"authentic,forged"
30015,2,2,"authentic,forged"
30023,2,2,"authentic,forged"
30040,2,2,"authentic,forged"
30045,2,2,"authentic,forged"
30050,2,2,"authentic,forged"
30060,2,2,"authentic,forged"
30100,2,2,"authentic,forged"
30217,2,2,"authentic,forged"
30232,2,2,"authentic,forged"
30235,2,2,"authentic,forged"
30283,2,2,"authentic,forged"
30297,2,2,"authentic,forged"
30298,2,2,"authentic,forged"
30307,2,2,"authentic,forged"
30308,2,2,"authentic,forged"
30344,2,2,"authentic,forged"
30354,2,2,"authentic,forged"
30389,2,2,"authentic,forged"
30408,2,2,"authentic,forged"
30476,2,2,"authentic,forged"
30572,2,2,"authentic,forged"
30614,2,2,"authentic,forged"
3062,2,2,"authentic,forged"
30624,2,2,"authentic,forged"
30629,2,2,"authentic,forged"
30634,2,2,"authentic,forged"
30649,2,2,"authentic,forged"
30715,2,2,"authentic,forged"
30716,2,2,"authentic,forged"
3073,2,2,"authentic,forged"
30748,2,2,"authentic,forged"
3087,2,2,"authentic,forged"
30871,2,2,"authentic,forged"
30881,2,2,"authentic,forged"
30883,2,2,"authentic,forged"
30909,2,2,"authentic,forged"
30914,2,2,"authentic,forged"
30923,2,2,"authentic,forged"
30931,2,2,"authentic,forged"
30950,2,2,"authentic,forged"
30996,2,2,"authentic,forged"
31040,2,2,"authentic,forged"
31077,2,2,"authentic,forged"
31086,2,2,"authentic,forged"
31089,2,2,"authentic,forged"
31098,2,2,"authentic,forged"
3110,2,2,"authentic,forged"
31156,2,2,"authentic,forged"
31168,2,2,"authentic,forged"
31188,2,2,"authentic,forged"
31218,2,2,"authentic,forged"
31222,2,2,"authentic,forged"
31232,2,2,"authentic,forged"
31245,2,2,"authentic,forged"
3125,2,2,"authentic,forged"
31262,2,2,"authentic,forged"
31301,2,2,"authentic,forged"
31313,2,2,"authentic,forged"
31329,2,2,"authentic,forged"
31336,2,2,"authentic,forged"
31354,2,2,"authentic,forged"
31405,2,2,"authentic,forged"
31425,2,2,"authentic,forged"
31468,2,2,"authentic,forged"
31476,2,2,"authentic,forged"
31540,2,2,"authentic,forged"
3159,2,2,"authentic,forged"
3167,2,2,"authentic,forged"
31725,2,2,"authentic,forged"
31783,2,2,"authentic,forged"
31803,2,2,"authentic,forged"
31812,2,2,"authentic,forged"
31826,2,2,"authentic,forged"
31834,2,2,"authentic,forged"
31864,2,2,"authentic,forged"
31891,2,2,"authentic,forged"
31893,2,2,"authentic,forged"
31907,2,2,"authentic,forged"
31942,2,2,"authentic,forged"
3197,2,2,"authentic,forged"
31979,2,2,"authentic,forged"
32011,2,2,"authentic,forged"
32013,2,2,"authentic,forged"
32018,2,2,"authentic,forged"
32023,2,2,"authentic,forged"
32053,2,2,"authentic,forged"
32139,2,2,"authentic,forged"
32146,2,2,"authentic,forged"
32154,2,2,"authentic,forged"
32162,2,2,"authentic,forged"
32170,2,2,"authentic,forged"
32220,2,2,"authentic,forged"
32222,2,2,"authentic,forged"
32259,2,2,"authentic,forged"
3228,2,2,"authentic,forged"
32293,2,2,"authentic,forged"
32383,2,2,"authentic,forged"
32393,2,2,"authentic,forged"
32398,2,2,"authentic,forged"
32470,2,2,"authentic,forged"
32486,2,2,"authentic,forged"
32493,2,2,"authentic,forged"
32535,2,2,"authentic,forged"
32575,2,2,"authentic,forged"
32662,2,2,"authentic,forged"
32714,2,2,"authentic,forged"
32722,2,2,"authentic,forged"
32818,2,2,"authentic,forged"
32845,2,2,"authentic,forged"
32880,2,2,"authentic,forged"
32883,2,2,"authentic,forged"
32884,2,2,"authentic,forged"
32920,2,2,"authentic,forged"
32931,2,2,"authentic,forged"
32945,2,2,"authentic,forged"
32973,2,2,"authentic,forged"
32979,2,2,"authentic,forged"
330,2,2,"authentic,forged"
33041,2,2,"authentic,forged"
33053,2,2,"authentic,forged"
33057,2,2,"authentic,forged"
33064,2,2,"authentic,forged"
33119,2,2,"authentic,forged"
33160,2,2,"authentic,forged"
3318,2,2,"authentic,forged"
33199,2,2,"authentic,forged"
33205,2,2,"authentic,forged"
33256,2,2,"authentic,forged"
33273,2,2,"authentic,forged"
33287,2,2,"authentic,forged"
33296,2,2,"authentic,forged"
33304,2,2,"authentic,forged"
33319,2,2,"authentic,forged"
33340,2,2,"authentic,forged"
33343,2,2,"authentic,forged"
33392,2,2,"authentic,forged"
33397,2,2,"authentic,forged"
33474,2,2,"authentic,forged"
33580,2,2,"authentic,forged"
33588,2,2,"authentic,forged"
3367,2,2,"authentic,forged"
33686,2,2,"authentic,forged"
33689,2,2,"authentic,forged"
3371,2,2,"authentic,forged"
33735,2,2,"authentic,forged"
33772,2,2,"authentic,forged"
33791,2,2,"authentic,forged"
33877,2,2,"authentic,forged"
33878,2,2,"authentic,forged"
339,2,2,"authentic,forged"
33928,2,2,"authentic,forged"
3394,2,2,"authentic,forged"
33949,2,2,"authentic,forged"
33985,2,2,"authentic,forged"
34005,2,2,"authentic,forged"
3402,2,2,"authentic,forged"
34027,2,2,"authentic,forged"
34035,2,2,"authentic,forged"
34036,2,2,"authentic,forged"
34103,2,2,"authentic,forged"
34132,2,2,"authentic,forged"
34171,2,2,"authentic,forged"
34174,2,2,"authentic,forged"
34211,2,2,"authentic,forged"
34255,2,2,"authentic,forged"
34265,2,2,"authentic,forged"
34306,2,2,"authentic,forged"
34317,2,2,"authentic,forged"
34319,2,2,"authentic,forged"
34367,2,2,"authentic,forged"
34383,2,2,"authentic,forged"
34415,2,2,"authentic,forged"
34526,2,2,"authentic,forged"
34527,2,2,"authentic,forged"
34528,2,2,"authentic,forged"
34572,2,2,"authentic,forged"
34597,2,2,"authentic,forged"
346,2,2,"authentic,forged"
34672,2,2,"authentic,forged"
34744,2,2,"authentic,forged"
34824,2,2,"authentic,forged"
3483,2,2,"authentic,forged"
34842,2,2,"authentic,forged"
34845,2,2,"authentic,forged"
34869,2,2,"authentic,forged"
34873,2,2,"authentic,forged"
34883,2,2,"authentic,forged"
34908,2,2,"authentic,forged"
34914,2,2,"authentic,forged"
34992,2,2,"authentic,forged"
350,2,2,"authentic,forged"
35018,2,2,"authentic,forged"
35035,2,2,"authentic,forged"
35038,2,2,"authentic,forged"
35094,2,2,"authentic,forged"
35107,2,2,"authentic,forged"
35112,2,2,"authentic,forged"
35117,2,2,"authentic,forged"
35127,2,2,"authentic,forged"
35176,2,2,"authentic,forged"
35208,2,2,"authentic,forged"
35216,2,2,"authentic,forged"
35222,2,2,"authentic,forged"
35234,2,2,"authentic,forged"
35322,2,2,"authentic,forged"
35347,2,2,"authentic,forged"
35374,2,2,"authentic,forged"
35378,2,2,"authentic,forged"
35385,2,2,"authentic,forged"
35390,2,2,"authentic,forged"
35412,2,2,"authentic,forged"
35467,2,2,"authentic,forged"
35471,2,2,"authentic,forged"
35522,2,2,"authentic,forged"
35570,2,2,"authentic,forged"
35578,2,2,"authentic,forged"
35586,2,2,"authentic,forged"
35610,2,2,"authentic,forged"
35628,2,2,"authentic,forged"
35670,2,2,"authentic,forged"
35715,2,2,"authentic,forged"
35717,2,2,"authentic,forged"
35719,2,2,"authentic,forged"
35723,2,2,"authentic,forged"
3574,2,2,"authentic,forged"
35744,2,2,"authentic,forged"
35763,2,2,"authentic,forged"
35781,2,2,"authentic,forged"
35814,2,2,"authentic,forged"
35850,2,2,"authentic,forged"
35861,2,2,"authentic,forged"
35871,2,2,"authentic,forged"
35885,2,2,"authentic,forged"
35933,2,2,"authentic,forged"
35950,2,2,"authentic,forged"
3598,2,2,"authentic,forged"
360,2,2,"authentic,forged"
36010,2,2,"authentic,forged"
36035,2,2,"authentic,forged"
3606,2,2,"authentic,forged"
36106,2,2,"authentic,forged"
36175,2,2,"authentic,forged"
36181,2,2,"authentic,forged"
36190,2,2,"authentic,forged"
36245,2,2,"authentic,forged"
36292,2,2,"authentic,forged"
36295,2,2,"authentic,forged"
3632,2,2,"authentic,forged"
36323,2,2,"authentic,forged"
36343,2,2,"authentic,forged"
36371,2,2,"authentic,forged"
36390,2,2,"authentic,forged"
36412,2,2,"authentic,forged"
36423,2,2,"authentic,forged"
36453,2,2,"authentic,forged"
36460,2,2,"authentic,forged"
36511,2,2,"authentic,forged"
36553,2,2,"authentic,forged"
36580,2,2,"authentic,forged"
36597,2,2,"authentic,forged"
3662,2,2,"authentic,forged"
36648,2,2,"authentic,forged"
36705,2,2,"authentic,forged"
36707,2,2,"authentic,forged"
3671,2,2,"authentic,forged"
36715,2,2,"authentic,forged"
36724,2,2,"authentic,forged"
36746,2,2,"authentic,forged"
3678,2,2,"authentic,forged"
36794,2,2,"authentic,forged"
36840,2,2,"authentic,forged"
36945,2,2,"authentic,forged"
36949,2,2,"authentic,forged"
36968,2,2,"authentic,forged"
36986,2,2,"authentic,forged"
3704,2,2,"authentic,forged"
37076,2,2,"authentic,forged"
37084,2,2,"authentic,forged"
37135,2,2,"authentic,forged"
3714,2,2,"authentic,forged"
37143,2,2,"authentic,forged"
37149,2,2,"authentic,forged"
37164,2,2,"authentic,forged"
3719,2,2,"authentic,forged"
37195,2,2,"authentic,forged"
37253,2,2,"authentic,forged"
37280,2,2,"authentic,forged"
37348,2,2,"authentic,forged"
37361,2,2,"authentic,forged"
37364,2,2,"authentic,forged"
37400,2,2,"authentic,forged"
37401,2,2,"authentic,forged"
37421,2,2,"authentic,forged"
37423,2,2,"authentic,forged"
37424,2,2,"authentic,forged"
37448,2,2,"authentic,forged"
37476,2,2,"authentic,forged"
37495,2,2,"authentic,forged"
37504,2,2,"authentic,forged"
3751,2,2,"authentic,forged"
37528,2,2,"authentic,forged"
37553,2,2,"authentic,forged"
37556,2,2,"authentic,forged"
37583,2,2,"authentic,forged"
37586,2,2,"authentic,forged"
37605,2,2,"authentic,forged"
37639,2,2,"authentic,forged"
377,2,2,"authentic,forged"
37708,2,2,"authentic,forged"
37735,2,2,"authentic,forged"
37768,2,2,"authentic,forged"
37783,2,2,"authentic,forged"
37816,2,2,"authentic,forged"
37817,2,2,"authentic,forged"
37827,2,2,"authentic,forged"
37830,2,2,"authentic,forged"
3785,2,2,"authentic,forged"
37855,2,2,"authentic,forged"
37857,2,2,"authentic,forged"
37880,2,2,"authentic,forged"
37902,2,2,"authentic,forged"
37903,2,2,"authentic,forged"
37909,2,2,"authentic,forged"
37912,2,2,"authentic,forged"
37921,2,2,"authentic,forged"
37934,2,2,"authentic,forged"
37942,2,2,"authentic,forged"
3795,2,2,"authentic,forged"
37966,2,2,"authentic,forged"
37975,2,2,"authentic,forged"
37980,2,2,"authentic,forged"
38034,2,2,"authentic,forged"
38038,2,2,"authentic,forged"
38055,2,2,"authentic,forged"
3811,2,2,"authentic,forged"
38129,2,2,"authentic,forged"
38136,2,2,"authentic,forged"
38160,2,2,"authentic,forged"
38205,2,2,"authentic,forged"
38228,2,2,"authentic,forged"
38256,2,2,"authentic,forged"
3826,2,2,"authentic,forged"
38283,2,2,"authentic,forged"
38285,2,2,"authentic,forged"
38292,2,2,"authentic,forged"
38294,2,2,"authentic,forged"
38339,2,2,"authentic,forged"
38396,2,2,"authentic,forged"
384,2,2,"authentic,forged"
38409,2,2,"authentic,forged"
38440,2,2,"authentic,forged"
38456,2,2,"authentic,forged"
38471,2,2,"authentic,forged"
38481,2,2,"authentic,forged"
38484,2,2,"authentic,forged"
38486,2,2,"authentic,forged"
38495,2,2,"authentic,forged"
38500,2,2,"authentic,forged"
38521,2,2,"authentic,forged"
38534,2,2,"authentic,forged"
38548,2,2,"authentic,forged"
38567,2,2,"authentic,forged"
38582,2,2,"authentic,forged"
38613,2,2,"authentic,forged"
38625,2,2,"authentic,forged"
38633,2,2,"authentic,forged"
38660,2,2,"authentic,forged"
38667,2,2,"authentic,forged"
38679,2,2,"authentic,forged"
38698,2,2,"authentic,forged"
38699,2,2,"authentic,forged"
38780,2,2,"authentic,forged"
3880,2,2,"authentic,forged"
38800,2,2,"authentic,forged"
38913,2,2,"authentic,forged"
38945,2,2,"authentic,forged"
3895,2,2,"authentic,forged"
38953,2,2,"authentic,forged"
38979,2,2,"authentic,forged"
39007,2,2,"authentic,forged"
39015,2,2,"authentic,forged"
39078,2,2,"authentic,forged"
39097,2,2,"authentic,forged"
39099,2,2,"authentic,forged"
39113,2,2,"authentic,forged"
39156,2,2,"authentic,forged"
39162,2,2,"authentic,forged"
39245,2,2,"authentic,forged"
39299,2,2,"authentic,forged"
3933,2,2,"authentic,forged"
39338,2,2,"authentic,forged"
3934,2,2,"authentic,forged"
39341,2,2,"authentic,forged"
39366,2,2,"authentic,forged"
39385,2,2,"authentic,forged"
39397,2,2,"authentic,forged"
39486,2,2,"authentic,forged"
39573,2,2,"authentic,forged"
39579,2,2,"authentic,forged"
3958,2,2,"authentic,forged"
39620,2,2,"authentic,forged"
39625,2,2,"authentic,forged"
39637,2,2,"authentic,forged"
39638,2,2,"authentic,forged"
39702,2,2,"authentic,forged"
39728,2,2,"authentic,forged"
39737,2,2,"authentic,forged"
39740,2,2,"authentic,forged"
39795,2,2,"authentic,forged"
39831,2,2,"authentic,forged"
39875,2,2,"authentic,forged"
39903,2,2,"authentic,forged"
3991,2,2,"authentic,forged"
39917,2,2,"authentic,forged"
39944,2,2,"authentic,forged"
40000,2,2,"authentic,forged"
40017,2,2,"authentic,forged"
40022,2,2,"authentic,forged"
40033,2,2,"authentic,forged"
40072,2,2,"authentic,forged"
4011,2,2,"authentic,forged"
40191,2,2,"authentic,forged"
40215,2,2,"authentic,forged"
4022,2,2,"authentic,forged"
40250,2,2,"authentic,forged"
40279,2,2,"authentic,forged"
4028,2,2,"authentic,forged"
40298,2,2,"authentic,forged"
403,2,2,"authentic,forged"
40303,2,2,"authentic,forged"
40315,2,2,"authentic,forged"
40349,2,2,"authentic,forged"
40354,2,2,"authentic,forged"
40364,2,2,"authentic,forged"
40372,2,2,"authentic,forged"
40373,2,2,"authentic,forged"
40398,2,2,"authentic,forged"
40442,2,2,"authentic,forged"
4045,2,2,"authentic,forged"
40450,2,2,"authentic,forged"
40478,2,2,"authentic,forged"
40494,2,2,"authentic,forged"
40519,2,2,"authentic,forged"
40532,2,2,"authentic,forged"
40559,2,2,"authentic,forged"
4057,2,2,"authentic,forged"
40656,2,2,"authentic,forged"
40678,2,2,"authentic,forged"
40684,2,2,"authentic,forged"
40718,2,2,"authentic,forged"
40728,2,2,"authentic,forged"
40732,2,2,"authentic,forged"
40782,2,2,"authentic,forged"
40803,2,2,"authentic,forged"
40823,2,2,"authentic,forged"
40828,2,2,"authentic,forged"
40835,2,2,"authentic,forged"
40859,2,2,"authentic,forged"
4087,2,2,"authentic,forged"
40919,2,2,"authentic,forged"
40934,2,2,"authentic,forged"
40938,2,2,"authentic,forged"
40949,2,2,"authentic,forged"
40960,2,2,"authentic,forged"
40974,2,2,"authentic,forged"
40994,2,2,"authentic,forged"
41001,2,2,"authentic,forged"
41011,2,2,"authentic,forged"
41024,2,2,"authentic,forged"
41037,2,2,"authentic,forged"
41043,2,2,"authentic,forged"
41073,2,2,"authentic,forged"
41079,2,2,"authentic,forged"
41080,2,2,"authentic,forged"
41090,2,2,"authentic,forged"
41125,2,2,"authentic,forged"
41142,2,2,"authentic,forged"
41171,2,2,"authentic,forged"
41201,2,2,"authentic,forged"
41227,2,2,"authentic,forged"
41255,2,2,"authentic,forged"
41284,2,2,"authentic,forged"
4129,2,2,"authentic,forged"
41295,2,2,"authentic,forged"
41322,2,2,"authentic,forged"
414,2,2,"authentic,forged"
41406,2,2,"authentic,forged"
41462,2,2,"authentic,forged"
41484,2,2,"authentic,forged"
41499,2,2,"authentic,forged"
41517,2,2,"authentic,forged"
41553,2,2,"authentic,forged"
41565,2,2,"authentic,forged"
41583,2,2,"authentic,forged"
41585,2,2,"authentic,forged"
41600,2,2,"authentic,forged"
41618,2,2,"authentic,forged"
41625,2,2,"authentic,forged"
41629,2,2,"authentic,forged"
41696,2,2,"authentic,forged"
41697,2,2,"authentic,forged"
41702,2,2,"authentic,forged"
41719,2,2,"authentic,forged"
41726,2,2,"authentic,forged"
41816,2,2,"authentic,forged"
41822,2,2,"authentic,forged"
41830,2,2,"authentic,forged"
41852,2,2,"authentic,forged"
41879,2,2,"authentic,forged"
41886,2,2,"authentic,forged"
41895,2,2,"authentic,forged"
41926,2,2,"authentic,forged"
41930,2,2,"authentic,forged"
420,2,2,"authentic,forged"
42034,2,2,"authentic,forged"
42035,2,2,"authentic,forged"
42039,2,2,"authentic,forged"
42083,2,2,"authentic,forged"
42097,2,2,"authentic,forged"
42118,2,2,"authentic,forged"
42187,2,2,"authentic,forged"
422,2,2,"authentic,forged"
4221,2,2,"authentic,forged"
4222,2,2,"authentic,forged"
42246,2,2,"authentic,forged"
42266,2,2,"authentic,forged"
42268,2,2,"authentic,forged"
42287,2,2,"authentic,forged"
42289,2,2,"authentic,forged"
42305,2,2,"authentic,forged"
42308,2,2,"authentic,forged"
42333,2,2,"authentic,forged"
42385,2,2,"authentic,forged"
42419,2,2,"authentic,forged"
42427,2,2,"authentic,forged"
42443,2,2,"authentic,forged"
42461,2,2,"authentic,forged"
42498,2,2,"authentic,forged"
42512,2,2,"authentic,forged"
42528,2,2,"authentic,forged"
42630,2,2,"authentic,forged"
42632,2,2,"authentic,forged"
42641,2,2,"authentic,forged"
42698,2,2,"authentic,forged"
42735,2,2,"authentic,forged"
42742,2,2,"authentic,forged"
42757,2,2,"authentic,forged"
42776,2,2,"authentic,forged"
42801,2,2,"authentic,forged"
42827,2,2,"authentic,forged"
42832,2,2,"authentic,forged"
42834,2,2,"authentic,forged"
42886,2,2,"authentic,forged"
42916,2,2,"authentic,forged"
42983,2,2,"authentic,forged"
43085,2,2,"authentic,forged"
43093,2,2,"authentic,forged"
43120,2,2,"authentic,forged"
43128,2,2,"authentic,forged"
43142,2,2,"authentic,forged"
43161,2,2,"authentic,forged"
4318,2,2,"authentic,forged"
4321,2,2,"authentic,forged"
43222,2,2,"authentic,forged"
4326,2,2,"authentic,forged"
43269,2,2,"authentic,forged"
43270,2,2,"authentic,forged"
43285,2,2,"authentic,forged"
43300,2,2,"authentic,forged"
43324,2,2,"authentic,forged"
43340,2,2,"authentic,forged"
43368,2,2,"authentic,forged"
43391,2,2,"authentic,forged"
43459,2,2,"authentic,forged"
43582,2,2,"authentic,forged"
43589,2,2,"authentic,forged"
43610,2,2,"authentic,forged"
43623,2,2,"authentic,forged"
43659,2,2,"authentic,forged"
43660,2,2,"authentic,forged"
4371,2,2,"authentic,forged"
43712,2,2,"authentic,forged"
43760,2,2,"authentic,forged"
43787,2,2,"authentic,forged"
43810,2,2,"authentic,forged"
43831,2,2,"authentic,forged"
43839,2,2,"authentic,forged"
43850,2,2,"authentic,forged"
43877,2,2,"authentic,forged"
43915,2,2,"authentic,forged"
43955,2,2,"authentic,forged"
43986,2,2,"authentic,forged"
43994,2,2,"authentic,forged"
44000,2,2,"authentic,forged"
44040,2,2,"authentic,forged"
44074,2,2,"authentic,forged"
44122,2,2,"authentic,forged"
44157,2,2,"authentic,forged"
44187,2,2,"authentic,forged"
44208,2,2,"authentic,forged"
44212,2,2,"authentic,forged"
44231,2,2,"authentic,forged"
44267,2,2,"authentic,forged"
44291,2,2,"authentic,forged"
44298,2,2,"authentic,forged"
44311,2,2,"authentic,forged"
44347,2,2,"authentic,forged"
44408,2,2,"authentic,forged"
44420,2,2,"authentic,forged"
44426,2,2,"authentic,forged"
44475,2,2,"authentic,forged"
44554,2,2,"authentic,forged"
44575,2,2,"authentic,forged"
4460,2,2,"authentic,forged"
44600,2,2,"authentic,forged"
44622,2,2,"authentic,forged"
44640,2,2,"authentic,forged"
44652,2,2,"authentic,forged"
44656,2,2,"authentic,forged"
44666,2,2,"authentic,forged"
44701,2,2,"authentic,forged"
44749,2,2,"authentic,forged"
44750,2,2,"authentic,forged"
44751,2,2,"authentic,forged"
4481,2,2,"authentic,forged"
44825,2,2,"authentic,forged"
44838,2,2,"authentic,forged"
4490,2,2,"authentic,forged"
44928,2,2,"authentic,forged"
44940,2,2,"authentic,forged"
45004,2,2,"authentic,forged"
45030,2,2,"authentic,forged"
4508,2,2,"authentic,forged"
45133,2,2,"authentic,forged"
45139,2,2,"authentic,forged"
45152,2,2,"authentic,forged"
45180,2,2,"authentic,forged"
45182,2,2,"authentic,forged"
45202,2,2,"authentic,forged"
45269,2,2,"authentic,forged"
45287,2,2,"authentic,forged"
45310,2,2,"authentic,forged"
45315,2,2,"authentic,forged"
45345,2,2,"authentic,forged"
45377,2,2,"authentic,forged"
45381,2,2,"authentic,forged"
45400,2,2,"authentic,forged"
45496,2,2,"authentic,forged"
45522,2,2,"authentic,forged"
45536,2,2,"authentic,forged"
45552,2,2,"authentic,forged"
4556,2,2,"authentic,forged"
45563,2,2,"authentic,forged"
45602,2,2,"authentic,forged"
45620,2,2,"authentic,forged"
45686,2,2,"authentic,forged"
45710,2,2,"authentic,forged"
45712,2,2,"authentic,forged"
45720,2,2,"authentic,forged"
45767,2,2,"authentic,forged"
45784,2,2,"authentic,forged"
45821,2,2,"authentic,forged"
45838,2,2,"authentic,forged"
45866,2,2,"authentic,forged"
45878,2,2,"authentic,forged"
45889,2,2,"authentic,forged"
45911,2,2,"authentic,forged"
45913,2,2,"authentic,forged"
4592,2,2,"authentic,forged"
45958,2,2,"authentic,forged"
46006,2,2,"authentic,forged"
46083,2,2,"authentic,forged"
4609,2,2,"authentic,forged"
46098,2,2,"authentic,forged"
46106,2,2,"authentic,forged"
46109,2,2,"authentic,forged"
46171,2,2,"authentic,forged"
46175,2,2,"authentic,forged"
46202,2,2,"authentic,forged"
46206,2,2,"authentic,forged"
46212,2,2,"authentic,forged"
46226,2,2,"authentic,forged"
46243,2,2,"authentic,forged"
46309,2,2,"authentic,forged"
46310,2,2,"authentic,forged"
46312,2,2,"authentic,forged"
4634,2,2,"authentic,forged"
46356,2,2,"authentic,forged"
46366,2,2,"authentic,forged"
46444,2,2,"authentic,forged"
46473,2,2,"authentic,forged"
4650,2,2,"authentic,forged"
46511,2,2,"authentic,forged"
46547,2,2,"authentic,forged"
46568,2,2,"authentic,forged"
46577,2,2,"authentic,forged"
46698,2,2,"authentic,forged"
46733,2,2,"authentic,forged"
46735,2,2,"authentic,forged"
46754,2,2,"authentic,forged"
46819,2,2,"authentic,forged"
46836,2,2,"authentic,forged"
46849,2,2,"authentic,forged"
46885,2,2,"authentic,forged"
46887,2,2,"authentic,forged"
46907,2,2,"authentic,forged"
46910,2,2,"authentic,forged"
46927,2,2,"authentic,forged"
46933,2,2,"authentic,forged"
46935,2,2,"authentic,forged"
46969,2,2,"authentic,forged"
46979,2,2,"authentic,forged"
47003,2,2,"authentic,forged"
47017,2,2,"authentic,forged"
47033,2,2,"authentic,forged"
47052,2,2,"authentic,forged"
47068,2,2,"authentic,forged"
47069,2,2,"authentic,forged"
47097,2,2,"authentic,forged"
47133,2,2,"authentic,forged"
47151,2,2,"authentic,forged"
4716,2,2,"authentic,forged"
47185,2,2,"authentic,forged"
47238,2,2,"authentic,forged"
47318,2,2,"authentic,forged"
4733,2,2,"authentic,forged"
47376,2,2,"authentic,forged"
4740,2,2,"authentic,forged"
47405,2,2,"authentic,forged"
47424,2,2,"authentic,forged"
47426,2,2,"authentic,forged"
4743,2,2,"authentic,forged"
47441,2,2,"authentic,forged"
47513,2,2,"authentic,forged"
47574,2,2,"authentic,forged"
47586,2,2,"authentic,forged"
4772,2,2,"authentic,forged"
47770,2,2,"authentic,forged"
47777,2,2,"authentic,forged"
47790,2,2,"authentic,forged"
47830,2,2,"authentic,forged"
47871,2,2,"authentic,forged"
47916,2,2,"authentic,forged"
47980,2,2,"authentic,forged"
4806,2,2,"authentic,forged"
48070,2,2,"authentic,forged"
48113,2,2,"authentic,forged"
48130,2,2,"authentic,forged"
48131,2,2,"authentic,forged"
48147,2,2,"authentic,forged"
48184,2,2,"authentic,forged"
48207,2,2,"authentic,forged"
48216,2,2,"authentic,forged"
48255,2,2,"authentic,forged"
48271,2,2,"authentic,forged"
48272,2,2,"authentic,forged"
48275,2,2,"authentic,forged"
48280,2,2,"authentic,forged"
48291,2,2,"authentic,forged"
48293,2,2,"authentic,forged"
48351,2,2,"authentic,forged"
48358,2,2,"authentic,forged"
48419,2,2,"authentic,forged"
4845,2,2,"authentic,forged"
4853,2,2,"authentic,forged"
48562,2,2,"authentic,forged"
4858,2,2,"authentic,forged"
4865,2,2,"authentic,forged"
48680,2,2,"authentic,forged"
48697,2,2,"authentic,forged"
48704,2,2,"authentic,forged"
48705,2,2,"authentic,forged"
48718,2,2,"authentic,forged"
48730,2,2,"authentic,forged"
48779,2,2,"authentic,forged"
48806,2,2,"authentic,forged"
48818,2,2,"authentic,forged"
48836,2,2,"authentic,forged"
48880,2,2,"authentic,forged"
48937,2,2,"authentic,forged"
48945,2,2,"authentic,forged"
48981,2,2,"authentic,forged"
48997,2,2,"authentic,forged"
49009,2,2,"authentic,forged"
49042,2,2,"authentic,forged"
49080,2,2,"authentic,forged"
49131,2,2,"authentic,forged"
4920,2,2,"authentic,forged"
49233,2,2,"authentic,forged"
49237,2,2,"authentic,forged"
49318,2,2,"authentic,forged"
49351,2,2,"authentic,forged"
49506,2,2,"authentic,forged"
49514,2,2,"authentic,forged"
4955,2,2,"authentic,forged"
49567,2,2,"authentic,forged"
4957,2,2,"authentic,forged"
49583,2,2,"authentic,forged"
49613,2,2,"authentic,forged"
49672,2,2,"authentic,forged"
49710,2,2,"authentic,forged"
49711,2,2,"authentic,forged"
49712,2,2,"authentic,forged"
49716,2,2,"authentic,forged"
49721,2,2,"authentic,forged"
49740,2,2,"authentic,forged"
49770,2,2,"authentic,forged"
49777,2,2,"authentic,forged"
49797,2,2,"authentic,forged"
49819,2,2,"authentic,forged"
49827,2,2,"authentic,forged"
4984,2,2,"authentic,forged"
49903,2,2,"authentic,forged"
4992,2,2,"authentic,forged"
49921,2,2,"authentic,forged"
49928,2,2,"authentic,forged"
49956,2,2,"authentic,forged"
49969,2,2,"authentic,forged"
49982,2,2,"authentic,forged"
50000,2,2,"authentic,forged"
50028,2,2,"authentic,forged"
5003,2,2,"authentic,forged"
50069,2,2,"authentic,forged"
50117,2,2,"authentic,forged"
50124,2,2,"authentic,forged"
50126,2,2,"authentic,forged"
50158,2,2,"authentic,forged"
50229,2,2,"authentic,forged"
5023,2,2,"authentic,forged"
50237,2,2,"authentic,forged"
50245,2,2,"authentic,forged"
50255,2,2,"authentic,forged"
50258,2,2,"authentic,forged"
50267,2,2,"authentic,forged"
50280,2,2,"authentic,forged"
50294,2,2,"authentic,forged"
50311,2,2,"authentic,forged"
50357,2,2,"authentic,forged"
50362,2,2,"authentic,forged"
50396,2,2,"authentic,forged"
50419,2,2,"authentic,forged"
50471,2,2,"authentic,forged"
50487,2,2,"authentic,forged"
50505,2,2,"authentic,forged"
50539,2,2,"authentic,forged"
50568,2,2,"authentic,forged"
50573,2,2,"authentic,forged"
50607,2,2,"authentic,forged"
50632,2,2,"authentic,forged"
50636,2,2,"authentic,forged"
50664,2,2,"authentic,forged"
50666,2,2,"authentic,forged"
50673,2,2,"authentic,forged"
50679,2,2,"authentic,forged"
50690,2,2,"authentic,forged"
50698,2,2,"authentic,forged"
50720,2,2,"authentic,forged"
50793,2,2,"authentic,forged"
5080,2,2,"authentic,forged"
50814,2,2,"authentic,forged"
50848,2,2,"authentic,forged"
50877,2,2,"authentic,forged"
50905,2,2,"authentic,forged"
50907,2,2,"authentic,forged"
50921,2,2,"authentic,forged"
50924,2,2,"authentic,forged"
50968,2,2,"authentic,forged"
50978,2,2,"authentic,forged"
50983,2,2,"authentic,forged"
50989,2,2,"authentic,forged"
51038,2,2,"authentic,forged"
51045,2,2,"authentic,forged"
51069,2,2,"authentic,forged"
51085,2,2,"authentic,forged"
51087,2,2,"authentic,forged"
51101,2,2,"authentic,forged"
51155,2,2,"authentic,forged"
51165,2,2,"authentic,forged"
51168,2,2,"authentic,forged"
51169,2,2,"authentic,forged"
51177,2,2,"authentic,forged"
51227,2,2,"authentic,forged"
51234,2,2,"authentic,forged"
5125,2,2,"authentic,forged"
5126,2,2,"authentic,forged"
51277,2,2,"authentic,forged"
5130,2,2,"authentic,forged"
51300,2,2,"authentic,forged"
51306,2,2,"authentic,forged"
51313,2,2,"authentic,forged"
51342,2,2,"authentic,forged"
51345,2,2,"authentic,forged"
51441,2,2,"authentic,forged"
51464,2,2,"authentic,forged"
5151,2,2,"authentic,forged"
51524,2,2,"authentic,forged"
51552,2,2,"authentic,forged"
51608,2,2,"authentic,forged"
51643,2,2,"authentic,forged"
51668,2,2,"authentic,forged"
51688,2,2,"authentic,forged"
51718,2,2,"authentic,forged"
51742,2,2,"authentic,forged"
5175,2,2,"authentic,forged"
51771,2,2,"authentic,forged"
51787,2,2,"authentic,forged"
5180,2,2,"authentic,forged"
51891,2,2,"authentic,forged"
51924,2,2,"authentic,forged"
51927,2,2,"authentic,forged"
51954,2,2,"authentic,forged"
51959,2,2,"authentic,forged"
52050,2,2,"authentic,forged"
52072,2,2,"authentic,forged"
52116,2,2,"authentic,forged"
52188,2,2,"authentic,forged"
52192,2,2,"authentic,forged"
5220,2,2,"authentic,forged"
52205,2,2,"authentic,forged"
52207,2,2,"authentic,forged"
5227,2,2,"authentic,forged"
52298,2,2,"authentic,forged"
52302,2,2,"authentic,forged"
5234,2,2,"authentic,forged"
52385,2,2,"authentic,forged"
52396,2,2,"authentic,forged"
5250,2,2,"authentic,forged"
52521,2,2,"authentic,forged"
52524,2,2,"authentic,forged"
52559,2,2,"authentic,forged"
52590,2,2,"authentic,forged"
52639,2,2,"authentic,forged"
52644,2,2,"authentic,forged"
52666,2,2,"authentic,forged"
52678,2,2,"authentic,forged"
5270,2,2,"authentic,forged"
52737,2,2,"authentic,forged"
52747,2,2,"authentic,forged"
5279,2,2,"authentic,forged"
52798,2,2,"authentic,forged"
52848,2,2,"authentic,forged"
52864,2,2,"authentic,forged"
52877,2,2,"authentic,forged"
52927,2,2,"authentic,forged"
52991,2,2,"authentic,forged"
52999,2,2,"authentic,forged"
53028,2,2,"authentic,forged"
53118,2,2,"authentic,forged"
5312,2,2,"authentic,forged"
53132,2,2,"authentic,forged"
53137,2,2,"authentic,forged"
53149,2,2,"authentic,forged"
53177,2,2,"authentic,forged"
53206,2,2,"authentic,forged"
53208,2,2,"authentic,forged"
53236,2,2,"authentic,forged"
53248,2,2,"authentic,forged"
53296,2,2,"authentic,forged"
53382,2,2,"authentic,forged"
53398,2,2,"authentic,forged"
53404,2,2,"authentic,forged"
53433,2,2,"authentic,forged"
53464,2,2,"authentic,forged"
53495,2,2,"authentic,forged"
5352,2,2,"authentic,forged"
53527,2,2,"authentic,forged"
53570,2,2,"authentic,forged"
53590,2,2,"authentic,forged"
53626,2,2,"authentic,forged"
53648,2,2,"authentic,forged"
53675,2,2,"authentic,forged"
53763,2,2,"authentic,forged"
53772,2,2,"authentic,forged"
53806,2,2,"authentic,forged"
5384,2,2,"authentic,forged"
5385,2,2,"authentic,forged"
53877,2,2,"authentic,forged"
53882,2,2,"authentic,forged"
53889,2,2,"authentic,forged"
53912,2,2,"authentic,forged"
53951,2,2,"authentic,forged"
53961,2,2,"authentic,forged"
53963,2,2,"authentic,forged"
53993,2,2,"authentic,forged"
54000,2,2,"authentic,forged"
54002,2,2,"authentic,forged"
54003,2,2,"authentic,forged"
54019,2,2,"authentic,forged"
54076,2,2,"authentic,forged"
5410,2,2,"authentic,forged"
54150,2,2,"authentic,forged"
54152,2,2,"authentic,forged"
5417,2,2,"authentic,forged"
54268,2,2,"authentic,forged"
54274,2,2,"authentic,forged"
54309,2,2,"authentic,forged"
54397,2,2,"authentic,forged"
54439,2,2,"authentic,forged"
54475,2,2,"authentic,forged"
54527,2,2,"authentic,forged"
54543,2,2,"authentic,forged"
54544,2,2,"authentic,forged"
54545,2,2,"authentic,forged"
54553,2,2,"authentic,forged"
54573,2,2,"authentic,forged"
5462,2,2,"authentic,forged"
54636,2,2,"authentic,forged"
54689,2,2,"authentic,forged"
54710,2,2,"authentic,forged"
54737,2,2,"authentic,forged"
54790,2,2,"authentic,forged"
54847,2,2,"authentic,forged"
54849,2,2,"authentic,forged"
54880,2,2,"authentic,forged"
54922,2,2,"authentic,forged"
5494,2,2,"authentic,forged"
54942,2,2,"authentic,forged"
54945,2,2,"authentic,forged"
54974,2,2,"authentic,forged"
54998,2,2,"authentic,forged"
55005,2,2,"authentic,forged"
55025,2,2,"authentic,forged"
55030,2,2,"authentic,forged"
55031,2,2,"authentic,forged"
55037,2,2,"authentic,forged"
5506,2,2,"authentic,forged"
55072,2,2,"authentic,forged"
55079,2,2,"authentic,forged"
55112,2,2,"authentic,forged"
55156,2,2,"authentic,forged"
55175,2,2,"authentic,forged"
55226,2,2,"authentic,forged"
55232,2,2,"authentic,forged"
55247,2,2,"authentic,forged"
55249,2,2,"authentic,forged"
55291,2,2,"authentic,forged"
55300,2,2,"authentic,forged"
55317,2,2,"authentic,forged"
55380,2,2,"authentic,forged"
55490,2,2,"authentic,forged"
55494,2,2,"authentic,forged"
55497,2,2,"authentic,forged"
55536,2,2,"authentic,forged"
55541,2,2,"authentic,forged"
55585,2,2,"authentic,forged"
55600,2,2,"authentic,forged"
55650,2,2,"authentic,forged"
55651,2,2,"authentic,forged"
55655,2,2,"authentic,forged"
55667,2,2,"authentic,forged"
55674,2,2,"authentic,forged"
55684,2,2,"authentic,forged"
55695,2,2,"authentic,forged"
55712,2,2,"authentic,forged"
5573,2,2,"authentic,forged"
55766,2,2,"authentic,forged"
55790,2,2,"authentic,forged"
55806,2,2,"authentic,forged"
55816,2,2,"authentic,forged"
55818,2,2,"authentic,forged"
55931,2,2,"authentic,forged"
56002,2,2,"authentic,forged"
5602,2,2,"authentic,forged"
56052,2,2,"authentic,forged"
56106,2,2,"authentic,forged"
56127,2,2,"authentic,forged"
56145,2,2,"authentic,forged"
56173,2,2,"authentic,forged"
56181,2,2,"authentic,forged"
56232,2,2,"authentic,forged"
5626,2,2,"authentic,forged"
56264,2,2,"authentic,forged"
56269,2,2,"authentic,forged"
56297,2,2,"authentic,forged"
56311,2,2,"authentic,forged"
56339,2,2,"authentic,forged"
56376,2,2,"authentic,forged"
56390,2,2,"authentic,forged"
56402,2,2,"authentic,forged"
56443,2,2,"authentic,forged"
56452,2,2,"authentic,forged"
56472,2,2,"authentic,forged"
56515,2,2,"authentic,forged"
56544,2,2,"authentic,forged"
56549,2,2,"authentic,forged"
56563,2,2,"authentic,forged"
56589,2,2,"authentic,forged"
56623,2,2,"authentic,forged"
56723,2,2,"authentic,forged"
5675,2,2,"authentic,forged"
56771,2,2,"authentic,forged"
56778,2,2,"authentic,forged"
56787,2,2,"authentic,forged"
56793,2,2,"authentic,forged"
568,2,2,"authentic,forged"
56838,2,2,"authentic,forged"
56839,2,2,"authentic,forged"
56859,2,2,"authentic,forged"
569,2,2,"authentic,forged"
56903,2,2,"authentic,forged"
56964,2,2,"authentic,forged"
56992,2,2,"authentic,forged"
56994,2,2,"authentic,forged"
56997,2,2,"authentic,forged"
57,2,2,"authentic,forged"
57011,2,2,"authentic,forged"
57066,2,2,"authentic,forged"
57076,2,2,"authentic,forged"
57078,2,2,"authentic,forged"
57085,2,2,"authentic,forged"
57143,2,2,"authentic,forged"
57172,2,2,"authentic,forged"
57239,2,2,"authentic,forged"
57262,2,2,"authentic,forged"
57317,2,2,"authentic,forged"
57324,2,2,"authentic,forged"
57328,2,2,"authentic,forged"
5734,2,2,"authentic,forged"
57342,2,2,"authentic,forged"
57390,2,2,"authentic,forged"
57398,2,2,"authentic,forged"
57505,2,2,"authentic,forged"
57512,2,2,"authentic,forged"
5756,2,2,"authentic,forged"
57635,2,2,"authentic,forged"
57643,2,2,"authentic,forged"
57652,2,2,"authentic,forged"
57664,2,2,"authentic,forged"
5772,2,2,"authentic,forged"
57800,2,2,"authentic,forged"
57823,2,2,"authentic,forged"
57875,2,2,"authentic,forged"
57883,2,2,"authentic,forged"
57892,2,2,"authentic,forged"
5792,2,2,"authentic,forged"
57927,2,2,"authentic,forged"
57993,2,2,"authentic,forged"
58055,2,2,"authentic,forged"
58065,2,2,"authentic,forged"
5807,2,2,"authentic,forged"
58081,2,2,"authentic,forged"
58090,2,2,"authentic,forged"
58128,2,2,"authentic,forged"
58142,2,2,"authentic,forged"
58197,2,2,"authentic,forged"
58252,2,2,"authentic,forged"
58293,2,2,"authentic,forged"
58338,2,2,"authentic,forged"
58339,2,2,"authentic,forged"
58419,2,2,"authentic,forged"
58423,2,2,"authentic,forged"
58445,2,2,"authentic,forged"
58486,2,2,"authentic,forged"
58501,2,2,"authentic,forged"
58510,2,2,"authentic,forged"
58544,2,2,"authentic,forged"
58579,2,2,"authentic,forged"
58588,2,2,"authentic,forged"
5863,2,2,"authentic,forged"
58677,2,2,"authentic,forged"
58692,2,2,"authentic,forged"
58697,2,2,"authentic,forged"
58710,2,2,"authentic,forged"
58718,2,2,"authentic,forged"
58723,2,2,"authentic,forged"
58782,2,2,"authentic,forged"
58876,2,2,"authentic,forged"
58888,2,2,"authentic,forged"
58894,2,2,"authentic,forged"
58910,2,2,"authentic,forged"
58955,2,2,"authentic,forged"
58975,2,2,"authentic,forged"
59000,2,2,"authentic,forged"
59018,2,2,"authentic,forged"
59028,2,2,"authentic,forged"
59069,2,2,"authentic,forged"
59142,2,2,"authentic,forged"
59144,2,2,"authentic,forged"
59148,2,2,"authentic,forged"
5915,2,2,"authentic,forged"
59183,2,2,"authentic,forged"
59193,2,2,"authentic,forged"
59214,2,2,"authentic,forged"
59255,2,2,"authentic,forged"
59297,2,2,"authentic,forged"
59320,2,2,"authentic,forged"
59327,2,2,"authentic,forged"
5937,2,2,"authentic,forged"
59375,2,2,"authentic,forged"
59380,2,2,"authentic,forged"
59381,2,2,"authentic,forged"
5939,2,2,"authentic,forged"
59453,2,2,"authentic,forged"
59456,2,2,"authentic,forged"
59467,2,2,"authentic,forged"
59531,2,2,"authentic,forged"
59597,2,2,"authentic,forged"
59617,2,2,"authentic,forged"
59645,2,2,"authentic,forged"
59651,2,2,"authentic,forged"
59655,2,2,"authentic,forged"
59679,2,2,"authentic,forged"
59710,2,2,"authentic,forged"
59715,2,2,"authentic,forged"
598,2,2,"authentic,forged"
59840,2,2,"authentic,forged"
59856,2,2,"authentic,forged"
59910,2,2,"authentic,forged"
59919,2,2,"authentic,forged"
59951,2,2,"authentic,forged"
59969,2,2,"authentic,forged"
59991,2,2,"authentic,forged"
60033,2,2,"authentic,forged"
60046,2,2,"authentic,forged"
60057,2,2,"authentic,forged"
6006,2,2,"authentic,forged"
60075,2,2,"authentic,forged"
60076,2,2,"authentic,forged"
6011,2,2,"authentic,forged"
60113,2,2,"authentic,forged"
60122,2,2,"authentic,forged"
60154,2,2,"authentic,forged"
60193,2,2,"authentic,forged"
60195,2,2,"authentic,forged"
60233,2,2,"authentic,forged"
60244,2,2,"authentic,forged"
60265,2,2,"authentic,forged"
60269,2,2,"authentic,forged"
6030,2,2,"authentic,forged"
60323,2,2,"authentic,forged"
60327,2,2,"authentic,forged"
60340,2,2,"authentic,forged"
60378,2,2,"authentic,forged"
60399,2,2,"authentic,forged"
60408,2,2,"authentic,forged"
60434,2,2,"authentic,forged"
60457,2,2,"authentic,forged"
60501,2,2,"authentic,forged"
60527,2,2,"authentic,forged"
60539,2,2,"authentic,forged"
6060,2,2,"authentic,forged"
60687,2,2,"authentic,forged"
60701,2,2,"authentic,forged"
60705,2,2,"authentic,forged"
60760,2,2,"authentic,forged"
60829,2,2,"authentic,forged"
60867,2,2,"authentic,forged"
60927,2,2,"authentic,forged"
60947,2,2,"authentic,forged"
60954,2,2,"authentic,forged"
60986,2,2,"authentic,forged"
60993,2,2,"authentic,forged"
610,2,2,"authentic,forged"
61022,2,2,"authentic,forged"
6103,2,2,"authentic,forged"
61030,2,2,"authentic,forged"
61072,2,2,"authentic,forged"
61078,2,2,"authentic,forged"
6111,2,2,"authentic,forged"
61166,2,2,"authentic,forged"
6117,2,2,"authentic,forged"
61212,2,2,"authentic,forged"
61221,2,2,"authentic,forged"
61270,2,2,"authentic,forged"
61298,2,2,"authentic,forged"
6130,2,2,"authentic,forged"
61326,2,2,"authentic,forged"
61338,2,2,"authentic,forged"
61355,2,2,"authentic,forged"
61450,2,2,"authentic,forged"
61492,2,2,"authentic,forged"
61506,2,2,"authentic,forged"
61540,2,2,"authentic,forged"
61566,2,2,"authentic,forged"
6159,2,2,"authentic,forged"
61595,2,2,"authentic,forged"
6164,2,2,"authentic,forged"
61674,2,2,"authentic,forged"
61741,2,2,"authentic,forged"
61744,2,2,"authentic,forged"
61868,2,2,"authentic,forged"
6187,2,2,"authentic,forged"
61883,2,2,"authentic,forged"
6190,2,2,"authentic,forged"
61903,2,2,"authentic,forged"
61946,2,2,"authentic,forged"
61966,2,2,"authentic,forged"
61997,2,2,"authentic,forged"
62029,2,2,"authentic,forged"
62032,2,2,"authentic,forged"
62064,2,2,"authentic,forged"
62095,2,2,"authentic,forged"
6212,2,2,"authentic,forged"
62151,2,2,"authentic,forged"
62164,2,2,"authentic,forged"
62195,2,2,"authentic,forged"
62249,2,2,"authentic,forged"
62273,2,2,"authentic,forged"
62284,2,2,"authentic,forged"
62327,2,2,"authentic,forged"
62330,2,2,"authentic,forged"
62358,2,2,"authentic,forged"
62359,2,2,"authentic,forged"
62463,2,2,"authentic,forged"
62504,2,2,"authentic,forged"
62519,2,2,"authentic,forged"
62623,2,2,"authentic,forged"
62625,2,2,"authentic,forged"
62628,2,2,"authentic,forged"
62643,2,2,"authentic,forged"
6269,2,2,"authentic,forged"
62733,2,2,"authentic,forged"
62748,2,2,"authentic,forged"
62754,2,2,"authentic,forged"
62767,2,2,"authentic,forged"
62793,2,2,"authentic,forged"
62828,2,2,"authentic,forged"
62833,2,2,"authentic,forged"
62871,2,2,"authentic,forged"
62893,2,2,"authentic,forged"
6301,2,2,"authentic,forged"
63025,2,2,"authentic,forged"
63046,2,2,"authentic,forged"
6309,2,2,"authentic,forged"
63095,2,2,"authentic,forged"
63100,2,2,"authentic,forged"
63102,2,2,"authentic,forged"
63117,2,2,"authentic,forged"
63146,2,2,"authentic,forged"
63197,2,2,"authentic,forged"
63205,2,2,"authentic,forged"
63224,2,2,"authentic,forged"
63245,2,2,"authentic,forged"
63257,2,2,"authentic,forged"
63262,2,2,"authentic,forged"
63286,2,2,"authentic,forged"
633,2,2,"authentic,forged"
63306,2,2,"authentic,forged"
63348,2,2,"authentic,forged"
63350,2,2,"authentic,forged"
63355,2,2,"authentic,forged"
63357,2,2,"authentic,forged"
63371,2,2,"authentic,forged"
63397,2,2,"authentic,forged"
63425,2,2,"authentic,forged"
63427,2,2,"authentic,forged"
63456,2,2,"authentic,forged"
63531,2,2,"authentic,forged"
63547,2,2,"authentic,forged"
63654,2,2,"authentic,forged"
63687,2,2,"authentic,forged"
63689,2,2,"authentic,forged"
63694,2,2,"authentic,forged"
63707,2,2,"authentic,forged"
63713,2,2,"authentic,forged"
6372,2,2,"authentic,forged"
63757,2,2,"authentic,forged"
63793,2,2,"authentic,forged"
63798,2,2,"authentic,forged"
63834,2,2,"authentic,forged"
63839,2,2,"authentic,forged"
63871,2,2,"authentic,forged"
639,2,2,"authentic,forged"
63918,2,2,"authentic,forged"
63947,2,2,"authentic,forged"
63968,2,2,"authentic,forged"
64006,2,2,"authentic,forged"
64026,2,2,"authentic,forged"
6406,2,2,"authentic,forged"
6407,2,2,"authentic,forged"
64084,2,2,"authentic,forged"
64116,2,2,"authentic,forged"
64120,2,2,"authentic,forged"
64128,2,2,"authentic,forged"
64134,2,2,"authentic,forged"
64165,2,2,"authentic,forged"
64173,2,2,"authentic,forged"
6419,2,2,"authentic,forged"
64194,2,2,"authentic,forged"
64216,2,2,"authentic,forged"
64233,2,2,"authentic,forged"
64239,2,2,"authentic,forged"
64245,2,2,"authentic,forged"
64268,2,2,"authentic,forged"
64280,2,2,"authentic,forged"
64285,2,2,"authentic,forged"
64289,2,2,"authentic,forged"
6432,2,2,"authentic,forged"
64332,2,2,"authentic,forged"
64360,2,2,"authentic,forged"
64391,2,2,"authentic,forged"
64435,2,2,"authentic,forged"
64449,2,2,"authentic,forged"
6448,2,2,"authentic,forged"
64524,2,2,"authentic,forged"
6454,2,2,"authentic,forged"
64589,2,2,"authentic,forged"
64601,2,2,"authentic,forged"
64649,2,2,"authentic,forged"
64685,2,2,"authentic,forged"
64717,2,2,"authentic,forged"
64749,2,2,"authentic,forged"
64750,2,2,"authentic,forged"
64756,2,2,"authentic,forged"
6476,2,2,"authentic,forged"
64773,2,2,"authentic,forged"
64821,2,2,"authentic,forged"
6488,2,2,"authentic,forged"
64881,2,2,"authentic,forged"
64935,2,2,"authentic,forged"
64941,2,2,"authentic,forged"
64971,2,2,"authentic,forged"
65039,2,2,"authentic,forged"
65065,2,2,"authentic,forged"
6508,2,2,"authentic,forged"
6516,2,2,"authentic,forged"
65177,2,2,"authentic,forged"
65189,2,2,"authentic,forged"
65200,2,2,"authentic,forged"
65214,2,2,"authentic,forged"
65230,2,2,"authentic,forged"
65242,2,2,"authentic,forged"
653,2,2,"authentic,forged"
65322,2,2,"authentic,forged"
65396,2,2,"authentic,forged"
65399,2,2,"authentic,forged"
6540,2,2,"authentic,forged"
65463,2,2,"authentic,forged"
65465,2,2,"authentic,forged"
65481,2,2,"authentic,forged"
65532,2,2,"authentic,forged"
6566,2,2,"authentic,forged"
6580,2,2,"authentic,forged"
6581,2,2,"authentic,forged"
6596,2,2,"authentic,forged"
6618,2,2,"authentic,forged"
6633,2,2,"authentic,forged"
6658,2,2,"authentic,forged"
6696,2,2,"authentic,forged"
6729,2,2,"authentic,forged"
6737,2,2,"authentic,forged"
6775,2,2,"authentic,forged"
6782,2,2,"authentic,forged"
6800,2,2,"authentic,forged"
6845,2,2,"authentic,forged"
6857,2,2,"authentic,forged"
6892,2,2,"authentic,forged"
6959,2,2,"authentic,forged"
6993,2,2,"authentic,forged"
6999,2,2,"authentic,forged"
7004,2,2,"authentic,forged"
7013,2,2,"authentic,forged"
7050,2,2,"authentic,forged"
7120,2,2,"authentic,forged"
7127,2,2,"authentic,forged"
7130,2,2,"authentic,forged"
7210,2,2,"authentic,forged"
7274,2,2,"authentic,forged"
7279,2,2,"authentic,forged"
7282,2,2,"authentic,forged"
732,2,2,"authentic,forged"
7320,2,2,"authentic,forged"
7333,2,2,"authentic,forged"
7411,2,2,"authentic,forged"
7430,2,2,"authentic,forged"
745,2,2,"authentic,forged"
7465,2,2,"authentic,forged"
7498,2,2,"authentic,forged"
751,2,2,"authentic,forged"
752,2,2,"authentic,forged"
7561,2,2,"authentic,forged"
7574,2,2,"authentic,forged"
7610,2,2,"authentic,forged"
7649,2,2,"authentic,forged"
767,2,2,"authentic,forged"
7698,2,2,"authentic,forged"
770,2,2,"authentic,forged"
7703,2,2,"authentic,forged"
7705,2,2,"authentic,forged"
7713,2,2,"authentic,forged"
7715,2,2,"authentic,forged"
775,2,2,"authentic,forged"
7759,2,2,"authentic,forged"
7770,2,2,"authentic,forged"
7771,2,2,"authentic,forged"
7827,2,2,"authentic,forged"
7829,2,2,"authentic,forged"
7904,2,2,"authentic,forged"
7914,2,2,"authentic,forged"
7972,2,2,"authentic,forged"
7986,2,2,"authentic,forged"
8017,2,2,"authentic,forged"
8034,2,2,"authentic,forged"
804,2,2,"authentic,forged"
8074,2,2,"authentic,forged"
8080,2,2,"authentic,forged"
8081,2,2,"authentic,forged"
8092,2,2,"authentic,forged"
8109,2,2,"authentic,forged"
8130,2,2,"authentic,forged"
8169,2,2,"authentic,forged"
8175,2,2,"authentic,forged"
8214,2,2,"authentic,forged"
8246,2,2,"authentic,forged"
8259,2,2,"authentic,forged"
8266,2,2,"authentic,forged"
8268,2,2,"authentic,forged"
8288,2,2,"authentic,forged"
8388,2,2,"authentic,forged"
8401,2,2,"authentic,forged"
842,2,2,"authentic,forged"
8424,2,2,"authentic,forged"
8431,2,2,"authentic,forged"
8481,2,2,"authentic,forged"
8517,2,2,"authentic,forged"
8565,2,2,"authentic,forged"
8613,2,2,"authentic,forged"
8622,2,2,"authentic,forged"
8678,2,2,"authentic,forged"
868,2,2,"authentic,forged"
8681,2,2,"authentic,forged"
8715,2,2,"authentic,forged"
8733,2,2,"authentic,forged"
8783,2,2,"authentic,forged"
8807,2,2,"authentic,forged"
8808,2,2,"authentic,forged"
8874,2,2,"authentic,forged"
8929,2,2,"authentic,forged"
8935,2,2,"authentic,forged"
8976,2,2,"authentic,forged"
9042,2,2,"authentic,forged"
9045,2,2,"authentic,forged"
9083,2,2,"authentic,forged"
9096,2,2,"authentic,forged"
9178,2,2,"authentic,forged"
9206,2,2,"authentic,forged"
9299,2,2,"authentic,forged"
9309,2,2,"authentic,forged"
937,2,2,"authentic,forged"
9533,2,2,"authentic,forged"
9568,2,2,"authentic,forged"
9590,2,2,"authentic,forged"
9651,2,2,"authentic,forged"
9732,2,2,"authentic,forged"
9768,2,2,"authentic,forged"
9791,2,2,"authentic,forged"
9807,2,2,"authentic,forged"
9849,2,2,"authentic,forged"
9954,2,2,"authentic,forged"
9960,2,2,"authentic,forged"
9967,2,2,"authentic,forged"
9976,2,2,"authentic,forged"
9977,2,2,"authentic,forged"
