image_id,image_path,mask_path,label,class_name,has_mask_file,group_id,sample_id
12143,/content/drive/MyDrive/bitirmeProjesi/dataset/train_images/authentic/12143.png,,0,authentic,False,12143,authentic/12143
20736,/content/drive/MyDrive/bitirmeProjesi/dataset/train_images/authentic/20736.png,,0,authentic,False,20736,authentic/20736
21014,/content/drive/MyDrive/bitirmeProjesi/dataset/train_images/authentic/21014.png,,0,authentic,False,21014,authentic/21014
45381,/content/drive/MyDrive/bitirmeProjesi/dataset/train_images/forged/45381.png,/content/drive/MyDrive/bitirmeProjesi/dataset/train_masks/45381.npy,1,forged,True,45381,forged/45381
59655,/content/drive/MyDrive/bitirmeProjesi/dataset/train_images/authentic/59655.png,,0,authentic,False,59655,authentic/59655
41697,/content/drive/MyDrive/bitirmeProjesi/dataset/train_images/forged/41697.png,/content/drive/MyDrive/bitirmeProjesi/dataset/train_masks/41697.npy,1,forged,True,41697,forged/41697
60993,/content/drive/MyDrive/bitirmeProjesi/dataset/train_images/authentic/60993.png,,0,authentic,False,60993,authentic/60993
24960,/content/drive/MyDrive/bitirmeProjesi/dataset/train_images/authentic/24960.png,,0,authentic,False,24960,authentic/24960
22346,/content/drive/MyDrive/bitirmeProjesi/dataset/train_images/forged/22346.png,/content/drive/MyDrive/bitirmeProjesi/dataset/train_masks/22346.npy,1,forged,True,22346,forged/22346
64935,/content/drive/MyDrive/bitirmeProjesi/dataset/train_images/forged/64935.png,/content/drive/MyDrive/bitirmeProjesi/dataset/train_masks/64935.npy,1,forged,True,64935,forged/64935
40450,/content/drive/MyDrive/bitirmeProjesi/dataset/train_images/authentic/40450.png,,0,authentic,False,40450,authentic/40450
52737,/content/drive/MyDrive/bitirmeProjesi/dataset/train_images/authentic/52737.png,,0,authentic,False,52737,authentic/52737
1225,/content/drive/MyDrive/bitirmeProjesi/dataset/train_images/authentic/1225.png,,0,authentic,False,1225,authentic/1225
29083,/content/drive/MyDrive/bitirmeProjesi/dataset/train_images/forged/29083.png,/content/drive/MyDrive/bitirmeProjesi/dataset/train_masks/29083.npy,1,forged,True,29083,forged/29083
60501,/content/drive/MyDrive/bitirmeProjesi/dataset/train_images/forged/60501.png,/content/drive/MyDrive/bitirmeProjesi/dataset/train_masks/60501.npy,1,forged,True,60501,forged/60501
28226,/content/drive/MyDrive/bitirmeProjesi/dataset/train_images/forged/28226.png,/content/drive/MyDrive/bitirmeProjesi/dataset/train_masks/28226.npy,1,forged,True,28226,forged/28226
38698,/content/drive/MyDrive/bitirmeProjesi/dataset/train_images/authentic/38698.png,,0,authentic,False,38698,authentic/38698
63654,/content/drive/MyDrive/bitirmeProjesi/dataset/train_images/authentic/63654.png,,0,authentic,False,63654,authentic/63654
59069,/content/drive/MyDrive/bitirmeProjesi/dataset/train_images/forged/59069.png,/content/drive/MyDrive/bitirmeProjesi/dataset/train_masks/59069.npy,1,forged,True,59069,forged/59069
3795,/content/drive/MyDrive/bitirmeProjesi/dataset/train_images/authentic/3795.png,,0,authentic,False,3795,authentic/3795
23236,/content/drive/MyDrive/bitirmeProjesi/dataset/train_images/authentic/23236.png,,0,authentic,False,23236,authentic/23236
65177,/content/drive/MyDrive/bitirmeProjesi/dataset/train_images/authentic/65177.png,,0,authentic,False,65177,authentic/65177
23976,/content/drive/MyDrive/bitirmeProjesi/dataset/train_images/authentic/23976.png,,0,authentic,False,23976,authentic/23976
52590,/content/drive/MyDrive/bitirmeProjesi/dataset/train_images/authentic/52590.png,,0,authentic,False,52590,authentic/52590
30307,/content/drive/MyDrive/bitirmeProjesi/dataset/train_images/forged/30307.png,/content/drive/MyDrive/bitirmeProjesi/dataset/train_masks/30307.npy,1,forged,True,30307,forged/30307
29058,/content/drive/MyDrive/bitirmeProjesi/dataset/train_images/forged/29058.png,/content/drive/MyDrive/bitirmeProjesi/dataset/train_masks/29058.npy,1,forged,True,29058,forged/29058
31540,/content/drive/MyDrive/bitirmeProjesi/dataset/train_images/authentic/31540.png,,0,authentic,False,31540,authentic/31540
50311,/content/drive/MyDrive/bitirmeProjesi/dataset/train_images/forged/50311.png,/content/drive/MyDrive/bitirmeProjesi/dataset/train_masks/50311.npy,1,forged,True,50311,forged/50311
38484,/content/drive/MyDrive/bitirmeProjesi/dataset/train_images/authentic/38484.png,,0,authentic,False,38484,authentic/38484
5417,/content/drive/MyDrive/bitirmeProjesi/dataset/train_images/forged/5417.png,/content/drive/MyDrive/bitirmeProjesi/dataset/train_masks/5417.npy,1,forged,True,5417,forged/5417
64685,/content/drive/MyDrive/bitirmeProjesi/dataset/train_images/authentic/64685.png,,0,authentic,False,64685,authentic/64685
39702,/content/drive/MyDrive/bitirmeProjesi/dataset/train_images/authentic/39702.png,,0,authentic,False,39702,authentic/39702
46356,/content/drive/MyDrive/bitirmeProjesi/dataset/train_images/forged/46356.png,/content/drive/MyDrive/bitirmeProjesi/dataset/train_masks/46356.npy,1,forged,True,46356,forged/46356
46885,/content/drive/MyDrive/bitirmeProjesi/dataset/train_images/forged/46885.png,/content/drive/MyDrive/bitirmeProjesi/dataset/train_masks/46885.npy,1,forged,True,46885,forged/46885
59069,/content/drive/MyDrive/bitirmeProjesi/dataset/train_images/authentic/59069.png,,0,authentic,False,59069,authentic/59069
41090,/content/drive/MyDrive/bitirmeProjesi/dataset/train_images/authentic/41090.png,,0,authentic,False,41090,authentic/41090
19915,/content/drive/MyDrive/bitirmeProjesi/dataset/train_images/forged/19915.png,/content/drive/MyDrive/bitirmeProjesi/dataset/train_masks/19915.npy,1,forged,True,19915,forged/19915
55025,/content/drive/MyDrive/bitirmeProjesi/dataset/train_images/forged/55025.png,/content/drive/MyDrive/bitirmeProjesi/dataset/train_masks/55025.npy,1,forged,True,55025,forged/55025
40303,/content/drive/MyDrive/bitirmeProjesi/dataset/train_images/forged/40303.png,/content/drive/MyDrive/bitirmeProjesi/dataset/train_masks/40303.npy,1,forged,True,40303,forged/40303
30408,/content/drive/MyDrive/bitirmeProjesi/dataset/train_images/forged/30408.png,/content/drive/MyDrive/bitirmeProjesi/dataset/train_masks/30408.npy,1,forged,True,30408,forged/30408
39078,/content/drive/MyDrive/bitirmeProjesi/dataset/train_images/forged/39078.png,/content/drive/MyDrive/bitirmeProjesi/dataset/train_masks/39078.npy,1,forged,True,39078,forged/39078
6999,/content/drive/MyDrive/bitirmeProjesi/dataset/train_images/forged/6999.png,/content/drive/MyDrive/bitirmeProjesi/dataset/train_masks/6999.npy,1,forged,True,6999,forged/6999
41295,/content/drive/MyDrive/bitirmeProjesi/dataset/train_images/authentic/41295.png,,0,authentic,False,41295,authentic/41295
53157,/content/drive/MyDrive/bitirmeProjesi/dataset/train_images/forged/53157.png,/content/drive/MyDrive/bitirmeProjesi/dataset/train_masks/53157.npy,1,forged,True,53157,forged/53157
64272,/content/drive/MyDrive/bitirmeProjesi/dataset/train_images/forged/64272.png,/content/drive/MyDrive/bitirmeProjesi/dataset/train_masks/64272.npy,1,forged,True,64272,forged/64272
19728,/content/drive/MyDrive/bitirmeProjesi/dataset/train_images/authentic/19728.png,,0,authentic,False,19728,authentic/19728
51045,/content/drive/MyDrive/bitirmeProjesi/dataset/train_images/forged/51045.png,/content/drive/MyDrive/bitirmeProjesi/dataset/train_masks/51045.npy,1,forged,True,51045,forged/51045
34845,/content/drive/MyDrive/bitirmeProjesi/dataset/train_images/forged/34845.png,/content/drive/MyDrive/bitirmeProjesi/dataset/train_masks/34845.npy,1,forged,True,34845,forged/34845
1097,/content/drive/MyDrive/bitirmeProjesi/dataset/train_images/forged/1097.png,/content/drive/MyDrive/bitirmeProjesi/dataset/train_masks/1097.npy,1,forged,True,1097,forged/1097
14988,/content/drive/MyDrive/bitirmeProjesi/dataset/train_images/authentic/14988.png,,0,authentic,False,14988,authentic/14988
61744,/content/drive/MyDrive/bitirmeProjesi/dataset/train_images/authentic/61744.png,,0,authentic,False,61744,authentic/61744
22739,/content/drive/MyDrive/bitirmeProjesi/dataset/train_images/authentic/22739.png,,0,authentic,False,22739,authentic/22739
13333,/content/drive/MyDrive/bitirmeProjesi/dataset/train_images/authentic/13333.png,,0,authentic,False,13333,authentic/13333
53149,/content/drive/MyDrive/bitirmeProjesi/dataset/train_images/authentic/53149.png,,0,authentic,False,53149,authentic/53149
49567,/content/drive/MyDrive/bitirmeProjesi/dataset/train_images/authentic/49567.png,,0,authentic,False,49567,authentic/49567
27694,/content/drive/MyDrive/bitirmeProjesi/dataset/train_images/forged/27694.png,/content/drive/MyDrive/bitirmeProjesi/dataset/train_masks/27694.npy,1,forged,True,27694,forged/27694
30060,/content/drive/MyDrive/bitirmeProjesi/dataset/train_images/authentic/30060.png,,0,authentic,False,30060,authentic/30060
13603,/content/drive/MyDrive/bitirmeProjesi/dataset/train_images/authentic/13603.png,,0,authentic,False,13603,authentic/13603
24336,/content/drive/MyDrive/bitirmeProjesi/dataset/train_images/authentic/24336.png,,0,authentic,False,24336,authentic/24336
45911,/content/drive/MyDrive/bitirmeProjesi/dataset/train_images/authentic/45911.png,,0,authentic,False,45911,authentic/45911
43128,/content/drive/MyDrive/bitirmeProjesi/dataset/train_images/authentic/43128.png,,0,authentic,False,43128,authentic/43128
31725,/content/drive/MyDrive/bitirmeProjesi/dataset/train_images/authentic/31725.png,,0,authentic,False,31725,authentic/31725
10986,/content/drive/MyDrive/bitirmeProjesi/dataset/train_images/authentic/10986.png,,0,authentic,False,10986,authentic/10986
55695,/content/drive/MyDrive/bitirmeProjesi/dataset/train_images/forged/55695.png,/content/drive/MyDrive/bitirmeProjesi/dataset/train_masks/55695.npy,1,forged,True,55695,forged/55695
15579,/content/drive/MyDrive/bitirmeProjesi/dataset/train_images/authentic/15579.png,,0,authentic,False,15579,authentic/15579
15314,/content/drive/MyDrive/bitirmeProjesi/dataset/train_images/authentic/15314.png,,0,authentic,False,15314,authentic/15314
62748,/content/drive/MyDrive/bitirmeProjesi/dataset/train_images/forged/62748.png,/content/drive/MyDrive/bitirmeProjesi/dataset/train_masks/62748.npy,1,forged,True,62748,forged/62748
24934,/content/drive/MyDrive/bitirmeProjesi/dataset/train_images/forged/24934.png,/content/drive/MyDrive/bitirmeProjesi/dataset/train_masks/24934.npy,1,forged,True,24934,forged/24934
60947,/content/drive/MyDrive/bitirmeProjesi/dataset/train_images/forged/60947.png,/content/drive/MyDrive/bitirmeProjesi/dataset/train_masks/60947.npy,1,forged,True,60947,forged/60947
58338,/content/drive/MyDrive/bitirmeProjesi/dataset/train_images/forged/58338.png,/content/drive/MyDrive/bitirmeProjesi/dataset/train_masks/58338.npy,1,forged,True,58338,forged/58338
11662,/content/drive/MyDrive/bitirmeProjesi/dataset/train_images/forged/11662.png,/content/drive/MyDrive/bitirmeProjesi/dataset/train_masks/11662.npy,1,forged,True,11662,forged/11662
44122,/content/drive/MyDrive/bitirmeProjesi/dataset/train_images/forged/44122.png,/content/drive/MyDrive/bitirmeProjesi/dataset/train_masks/44122.npy,1,forged,True,44122,forged/44122
21728,/content/drive/MyDrive/bitirmeProjesi/dataset/train_images/authentic/21728.png,,0,authentic,False,21728,authentic/21728
59297,/content/drive/MyDrive/bitirmeProjesi/dataset/train_images/authentic/59297.png,,0,authentic,False,59297,authentic/59297
52207,/content/drive/MyDrive/bitirmeProjesi/dataset/train_images/forged/52207.png,/content/drive/MyDrive/bitirmeProjesi/dataset/train_masks/52207.npy,1,forged,True,52207,forged/52207
20010,/content/drive/MyDrive/bitirmeProjesi/dataset/train_images/authentic/20010.png,,0,authentic,False,20010,authentic/20010
47777,/content/drive/MyDrive/bitirmeProjesi/dataset/train_images/forged/47777.png,/content/drive/MyDrive/bitirmeProjesi/dataset/train_masks/47777.npy,1,forged,True,47777,forged/47777
44347,/content/drive/MyDrive/bitirmeProjesi/dataset/train_images/forged/44347.png,/content/drive/MyDrive/bitirmeProjesi/dataset/train_masks/44347.npy,1,forged,True,44347,forged/44347
28714,/content/drive/MyDrive/bitirmeProjesi/dataset/train_images/forged/28714.png,/content/drive/MyDrive/bitirmeProjesi/dataset/train_masks/28714.npy,1,forged,True,28714,forged/28714
56771,/content/drive/MyDrive/bitirmeProjesi/dataset/train_images/authentic/56771.png,,0,authentic,False,56771,authentic/56771
54274,/content/drive/MyDrive/bitirmeProjesi/dataset/train_images/forged/54274.png,/content/drive/MyDrive/bitirmeProjesi/dataset/train_masks/54274.npy,1,forged,True,54274,forged/54274
40938,/content/drive/MyDrive/bitirmeProjesi/dataset/train_images/authentic/40938.png,,0,authentic,False,40938,authentic/40938
24749,/content/drive/MyDrive/bitirmeProjesi/dataset/train_images/authentic/24749.png,,0,authentic,False,24749,authentic/24749
48207,/content/drive/MyDrive/bitirmeProjesi/dataset/train_images/authentic/48207.png,,0,authentic,False,48207,authentic/48207
46312,/content/drive/MyDrive/bitirmeProjesi/dataset/train_images/authentic/46312.png,,0,authentic,False,46312,authentic/46312
751,/content/drive/MyDrive/bitirmeProjesi/dataset/train_images/forged/751.png,/content/drive/MyDrive/bitirmeProjesi/dataset/train_masks/751.npy,1,forged,True,751,forged/751
6775,/content/drive/MyDrive/bitirmeProjesi/dataset/train_images/forged/6775.png,/content/drive/MyDrive/bitirmeProjesi/dataset/train_masks/6775.npy,1,forged,True,6775,forged/6775
26977,/content/drive/MyDrive/bitirmeProjesi/dataset/train_images/forged/26977.png,/content/drive/MyDrive/bitirmeProjesi/dataset/train_masks/26977.npy,1,forged,True,26977,forged/26977
21728,/content/drive/MyDrive/bitirmeProjesi/dataset/train_images/forged/21728.png,/content/drive/MyDrive/bitirmeProjesi/dataset/train_masks/21728.npy,1,forged,True,21728,forged/21728
22901,/content/drive/MyDrive/bitirmeProjesi/dataset/train_images/forged/22901.png,/content/drive/MyDrive/bitirmeProjesi/dataset/train_masks/22901.npy,1,forged,True,22901,forged/22901
44040,/content/drive/MyDrive/bitirmeProjesi/dataset/train_images/authentic/44040.png,,0,authentic,False,44040,authentic/44040
52559,/content/drive/MyDrive/bitirmeProjesi/dataset/train_images/authentic/52559.png,,0,authentic,False,52559,authentic/52559
40215,/content/drive/MyDrive/bitirmeProjesi/dataset/train_images/forged/40215.png,/content/drive/MyDrive/bitirmeProjesi/dataset/train_masks/40215.npy,1,forged,True,40215,forged/40215
3402,/content/drive/MyDrive/bitirmeProjesi/dataset/train_images/authentic/3402.png,,0,authentic,False,3402,authentic/3402
43955,/content/drive/MyDrive/bitirmeProjesi/dataset/train_images/authentic/43955.png,,0,authentic,False,43955,authentic/43955
43623,/content/drive/MyDrive/bitirmeProjesi/dataset/train_images/forged/43623.png,/content/drive/MyDrive/bitirmeProjesi/dataset/train_masks/43623.npy,1,forged,True,43623,forged/43623
19847,/content/drive/MyDrive/bitirmeProjesi/dataset/train_images/forged/19847.png,/content/drive/MyDrive/bitirmeProjesi/dataset/train_masks/19847.npy,1,forged,True,19847,forged/19847
58128,/content/drive/MyDrive/bitirmeProjesi/dataset/train_images/authentic/58128.png,,0,authentic,False,58128,authentic/58128
4556,/content/drive/MyDrive/bitirmeProjesi/dataset/train_images/authentic/4556.png,,0,authentic,False,4556,authentic/4556
63694,/content/drive/MyDrive/bitirmeProjesi/dataset/train_images/authentic/63694.png,,0,authentic,False,63694,authentic/63694
17555,/content/drive/MyDrive/bitirmeProjesi/dataset/train_images/forged/17555.png,/content/drive/MyDrive/bitirmeProjesi/dataset/train_masks/17555.npy,1,forged,True,17555,forged/17555
22226,/content/drive/MyDrive/bitirmeProjesi/dataset/train_images/forged/22226.png,/content/drive/MyDrive/bitirmeProjesi/dataset/train_masks/22226.npy,1,forged,True,22226,forged/22226
26477,/content/drive/MyDrive/bitirmeProjesi/dataset/train_images/authentic/26477.png,,0,authentic,False,26477,authentic/26477
24686,/content/drive/MyDrive/bitirmeProjesi/dataset/train_images/forged/24686.png,/content/drive/MyDrive/bitirmeProjesi/dataset/train_masks/24686.npy,1,forged,True,24686,forged/24686
13971,/content/drive/MyDrive/bitirmeProjesi/dataset/train_images/authentic/13971.png,,0,authentic,False,13971,authentic/13971
48705,/content/drive/MyDrive/bitirmeProjesi/dataset/train_images/forged/48705.png,/content/drive/MyDrive/bitirmeProjesi/dataset/train_masks/48705.npy,1,forged,True,48705,forged/48705
6006,/content/drive/MyDrive/bitirmeProjesi/dataset/train_images/authentic/6006.png,,0,authentic,False,6006,authentic/6006
51165,/content/drive/MyDrive/bitirmeProjesi/dataset/train_images/authentic/51165.png,,0,authentic,False,51165,authentic/51165
7759,/content/drive/MyDrive/bitirmeProjesi/dataset/train_images/forged/7759.png,/content/drive/MyDrive/bitirmeProjesi/dataset/train_masks/7759.npy,1,forged,True,7759,forged/7759
38667,/content/drive/MyDrive/bitirmeProjesi/dataset/train_images/forged/38667.png,/content/drive/MyDrive/bitirmeProjesi/dataset/train_masks/38667.npy,1,forged,True,38667,forged/38667
41142,/content/drive/MyDrive/bitirmeProjesi/dataset/train_images/forged/41142.png,/content/drive/MyDrive/bitirmeProjesi/dataset/train_masks/41142.npy,1,forged,True,41142,forged/41142
57652,/content/drive/MyDrive/bitirmeProjesi/dataset/train_images/forged/57652.png,/content/drive/MyDrive/bitirmeProjesi/dataset/train_masks/57652.npy,1,forged,True,57652,forged/57652
8300,/content/drive/MyDrive/bitirmeProjesi/dataset/train_images/forged/8300.png,/content/drive/MyDrive/bitirmeProjesi/dataset/train_masks/8300.npy,1,forged,True,8300,forged/8300
16729,/content/drive/MyDrive/bitirmeProjesi/dataset/train_images/forged/16729.png,/content/drive/MyDrive/bitirmeProjesi/dataset/train_masks/16729.npy,1,forged,True,16729,forged/16729
21631,/content/drive/MyDrive/bitirmeProjesi/dataset/train_images/forged/21631.png,/content/drive/MyDrive/bitirmeProjesi/dataset/train_masks/21631.npy,1,forged,True,21631,forged/21631
27896,/content/drive/MyDrive/bitirmeProjesi/dataset/train_images/authentic/27896.png,,0,authentic,False,27896,authentic/27896
4806,/content/drive/MyDrive/bitirmeProjesi/dataset/train_images/forged/4806.png,/content/drive/MyDrive/bitirmeProjesi/dataset/train_masks/4806.npy,1,forged,True,4806,forged/4806
55667,/content/drive/MyDrive/bitirmeProjesi/dataset/train_images/forged/55667.png,/content/drive/MyDrive/bitirmeProjesi/dataset/train_masks/55667.npy,1,forged,True,55667,forged/55667
25907,/content/drive/MyDrive/bitirmeProjesi/dataset/train_images/forged/25907.png,/content/drive/MyDrive/bitirmeProjesi/dataset/train_masks/25907.npy,1,forged,True,25907,forged/25907
11919,/content/drive/MyDrive/bitirmeProjesi/dataset/train_images/forged/11919.png,/content/drive/MyDrive/bitirmeProjesi/dataset/train_masks/11919.npy,1,forged,True,11919,forged/11919
57172,/content/drive/MyDrive/bitirmeProjesi/dataset/train_images/authentic/57172.png,,0,authentic,False,57172,authentic/57172
29076,/content/drive/MyDrive/bitirmeProjesi/dataset/train_images/authentic/29076.png,,0,authentic,False,29076,authentic/29076
17249,/content/drive/MyDrive/bitirmeProjesi/dataset/train_images/forged/17249.png,/content/drive/MyDrive/bitirmeProjesi/dataset/train_masks/17249.npy,1,forged,True,17249,forged/17249
57076,/content/drive/MyDrive/bitirmeProjesi/dataset/train_images/forged/57076.png,/content/drive/MyDrive/bitirmeProjesi/dataset/train_masks/57076.npy,1,forged,True,57076,forged/57076
22751,/content/drive/MyDrive/bitirmeProjesi/dataset/train_images/authentic/22751.png,,0,authentic,False,22751,authentic/22751
50267,/content/drive/MyDrive/bitirmeProjesi/dataset/train_images/authentic/50267.png,,0,authentic,False,50267,authentic/50267
31218,/content/drive/MyDrive/bitirmeProjesi/dataset/train_images/authentic/31218.png,,0,authentic,False,31218,authentic/31218
17826,/content/drive/MyDrive/bitirmeProjesi/dataset/train_images/forged/17826.png,/content/drive/MyDrive/bitirmeProjesi/dataset/train_masks/17826.npy,1,forged,True,17826,forged/17826
403,/content/drive/MyDrive/bitirmeProjesi/dataset/train_images/forged/403.png,/content/drive/MyDrive/bitirmeProjesi/dataset/train_masks/403.npy,1,forged,True,403,forged/403
16097,/content/drive/MyDrive/bitirmeProjesi/dataset/train_images/forged/16097.png,/content/drive/MyDrive/bitirmeProjesi/dataset/train_masks/16097.npy,1,forged,True,16097,forged/16097
26492,/content/drive/MyDrive/bitirmeProjesi/dataset/train_images/authentic/26492.png,,0,authentic,False,26492,authentic/26492
49613,/content/drive/MyDrive/bitirmeProjesi/dataset/train_images/authentic/49613.png,,0,authentic,False,49613,authentic/49613
38679,/content/drive/MyDrive/bitirmeProjesi/dataset/train_images/authentic/38679.png,,0,authentic,False,38679,authentic/38679
24606,/content/drive/MyDrive/bitirmeProjesi/dataset/train_images/authentic/24606.png,,0,authentic,False,24606,authentic/24606
64120,/content/drive/MyDrive/bitirmeProjesi/dataset/train_images/authentic/64120.png,,0,authentic,False,64120,authentic/64120
65200,/content/drive/MyDrive/bitirmeProjesi/dataset/train_images/forged/65200.png,/content/drive/MyDrive/bitirmeProjesi/dataset/train_masks/65200.npy,1,forged,True,65200,forged/65200
53570,/content/drive/MyDrive/bitirmeProjesi/dataset/train_images/forged/53570.png,/content/drive/MyDrive/bitirmeProjesi/dataset/train_masks/53570.npy,1,forged,True,53570,forged/53570
58894,/content/drive/MyDrive/bitirmeProjesi/dataset/train_images/forged/58894.png,/content/drive/MyDrive/bitirmeProjesi/dataset/train_masks/58894.npy,1,forged,True,58894,forged/58894
44212,/content/drive/MyDrive/bitirmeProjesi/dataset/train_images/forged/44212.png,/content/drive/MyDrive/bitirmeProjesi/dataset/train_masks/44212.npy,1,forged,True,44212,forged/44212
37708,/content/drive/MyDrive/bitirmeProjesi/dataset/train_images/forged/37708.png,/content/drive/MyDrive/bitirmeProjesi/dataset/train_masks/37708.npy,1,forged,True,37708,forged/37708
1482,/content/drive/MyDrive/bitirmeProjesi/dataset/train_images/forged/1482.png,/content/drive/MyDrive/bitirmeProjesi/dataset/train_masks/1482.npy,1,forged,True,1482,forged/1482
52848,/content/drive/MyDrive/bitirmeProjesi/dataset/train_images/forged/52848.png,/content/drive/MyDrive/bitirmeProjesi/dataset/train_masks/52848.npy,1,forged,True,52848,forged/52848
56563,/content/drive/MyDrive/bitirmeProjesi/dataset/train_images/forged/56563.png,/content/drive/MyDrive/bitirmeProjesi/dataset/train_masks/56563.npy,1,forged,True,56563,forged/56563
24402,/content/drive/MyDrive/bitirmeProjesi/dataset/train_images/authentic/24402.png,,0,authentic,False,24402,authentic/24402
2275,/content/drive/MyDrive/bitirmeProjesi/dataset/train_images/forged/2275.png,/content/drive/MyDrive/bitirmeProjesi/dataset/train_masks/2275.npy,1,forged,True,2275,forged/2275
9083,/content/drive/MyDrive/bitirmeProjesi/dataset/train_images/forged/9083.png,/content/drive/MyDrive/bitirmeProjesi/dataset/train_masks/9083.npy,1,forged,True,9083,forged/9083
39579,/content/drive/MyDrive/bitirmeProjesi/dataset/train_images/authentic/39579.png,,0,authentic,False,39579,authentic/39579
40478,/content/drive/MyDrive/bitirmeProjesi/dataset/train_images/forged/40478.png,/content/drive/MyDrive/bitirmeProjesi/dataset/train_masks/40478.npy,1,forged,True,40478,forged/40478
27148,/content/drive/MyDrive/bitirmeProjesi/dataset/train_images/forged/27148.png,/content/drive/MyDrive/bitirmeProjesi/dataset/train_masks/27148.npy,1,forged,True,27148,forged/27148
47238,/content/drive/MyDrive/bitirmeProjesi/dataset/train_images/authentic/47238.png,,0,authentic,False,47238,authentic/47238
24193,/content/drive/MyDrive/bitirmeProjesi/dataset/train_images/forged/24193.png,/content/drive/MyDrive/bitirmeProjesi/dataset/train_masks/24193.npy,1,forged,True,24193,forged/24193
11548,/content/drive/MyDrive/bitirmeProjesi/dataset/train_images/authentic/11548.png,,0,authentic,False,11548,authentic/11548
41024,/content/drive/MyDrive/bitirmeProjesi/dataset/train_images/authentic/41024.png,,0,authentic,False,41024,authentic/41024
29472,/content/drive/MyDrive/bitirmeProjesi/dataset/train_images/authentic/29472.png,,0,authentic,False,29472,authentic/29472
27822,/content/drive/MyDrive/bitirmeProjesi/dataset/train_images/authentic/27822.png,,0,authentic,False,27822,authentic/27822
18054,/content/drive/MyDrive/bitirmeProjesi/dataset/train_images/authentic/18054.png,,0,authentic,False,18054,authentic/18054
52385,/content/drive/MyDrive/bitirmeProjesi/dataset/train_images/authentic/52385.png,,0,authentic,False,52385,authentic/52385
57317,/content/drive/MyDrive/bitirmeProjesi/dataset/train_images/authentic/57317.png,,0,authentic,False,57317,authentic/57317
25390,/content/drive/MyDrive/bitirmeProjesi/dataset/train_images/authentic/25390.png,,0,authentic,False,25390,authentic/25390
40828,/content/drive/MyDrive/bitirmeProjesi/dataset/train_images/forged/40828.png,/content/drive/MyDrive/bitirmeProjesi/dataset/train_masks/40828.npy,1,forged,True,40828,forged/40828
19847,/content/drive/MyDrive/bitirmeProjesi/dataset/train_images/authentic/19847.png,,0,authentic,False,19847,authentic/19847
19933,/content/drive/MyDrive/bitirmeProjesi/dataset/train_images/authentic/19933.png,,0,authentic,False,19933,authentic/19933
21946,/content/drive/MyDrive/bitirmeProjesi/dataset/train_images/authentic/21946.png,,0,authentic,False,21946,authentic/21946
52207,/content/drive/MyDrive/bitirmeProjesi/dataset/train_images/authentic/52207.png,,0,authentic,False,52207,authentic/52207
59979,/content/drive/MyDrive/bitirmeProjesi/dataset/train_images/forged/59979.png,/content/drive/MyDrive/bitirmeProjesi/dataset/train_masks/59979.npy,1,forged,True,59979,forged/59979
24696,/content/drive/MyDrive/bitirmeProjesi/dataset/train_images/authentic/24696.png,,0,authentic,False,24696,authentic/24696
42266,/content/drive/MyDrive/bitirmeProjesi/dataset/train_images/authentic/42266.png,,0,authentic,False,42266,authentic/42266
34255,/content/drive/MyDrive/bitirmeProjesi/dataset/train_images/forged/34255.png,/content/drive/MyDrive/bitirmeProjesi/dataset/train_masks/34255.npy,1,forged,True,34255,forged/34255
30191,/content/drive/MyDrive/bitirmeProjesi/dataset/train_images/forged/30191.png,/content/drive/MyDrive/bitirmeProjesi/dataset/train_masks/30191.npy,1,forged,True,30191,forged/30191
24686,/content/drive/MyDrive/bitirmeProjesi/dataset/train_images/authentic/24686.png,,0,authentic,False,24686,authentic/24686
18054,/content/drive/MyDrive/bitirmeProjesi/dataset/train_images/forged/18054.png,/content/drive/MyDrive/bitirmeProjesi/dataset/train_masks/18054.npy,1,forged,True,18054,forged/18054
47052,/content/drive/MyDrive/bitirmeProjesi/dataset/train_images/authentic/47052.png,,0,authentic,False,47052,authentic/47052
54274,/content/drive/MyDrive/bitirmeProjesi/dataset/train_images/authentic/54274.png,,0,authentic,False,54274,authentic/54274
6696,/content/drive/MyDrive/bitirmeProjesi/dataset/train_images/authentic/6696.png,,0,authentic,False,6696,authentic/6696
49956,/content/drive/MyDrive/bitirmeProjesi/dataset/train_images/authentic/49956.png,,0,authentic,False,49956,authentic/49956
6011,/content/drive/MyDrive/bitirmeProjesi/dataset/train_images/forged/6011.png,/content/drive/MyDrive/bitirmeProjesi/dataset/train_masks/6011.npy,1,forged,True,6011,forged/6011
64216,/content/drive/MyDrive/bitirmeProjesi/dataset/train_images/authentic/64216.png,,0,authentic,False,64216,authentic/64216
60113,/content/drive/MyDrive/bitirmeProjesi/dataset/train_images/forged/60113.png,/content/drive/MyDrive/bitirmeProjesi/dataset/train_masks/60113.npy,1,forged,True,60113,forged/60113
32293,/content/drive/MyDrive/bitirmeProjesi/dataset/train_images/forged/32293.png,/content/drive/MyDrive/bitirmeProjesi/dataset/train_masks/32293.npy,1,forged,True,32293,forged/32293
6580,/content/drive/MyDrive/bitirmeProjesi/dataset/train_images/forged/6580.png,/content/drive/MyDrive/bitirmeProjesi/dataset/train_masks/6580.npy,1,forged,True,6580,forged/6580
50978,/content/drive/MyDrive/bitirmeProjesi/dataset/train_images/authentic/50978.png,,0,authentic,False,50978,authentic/50978
5384,/content/drive/MyDrive/bitirmeProjesi/dataset/train_images/authentic/5384.png,,0,authentic,False,5384,authentic/5384
61741,/content/drive/MyDrive/bitirmeProjesi/dataset/train_images/forged/61741.png,/content/drive/MyDrive/bitirmeProjesi/dataset/train_masks/61741.npy,1,forged,True,61741,forged/61741
37495,/content/drive/MyDrive/bitirmeProjesi/dataset/train_images/authentic/37495.png,,0,authentic,False,37495,authentic/37495
52524,/content/drive/MyDrive/bitirmeProjesi/dataset/train_images/authentic/52524.png,,0,authentic,False,52524,authentic/52524
46935,/content/drive/MyDrive/bitirmeProjesi/dataset/train_images/authentic/46935.png,,0,authentic,False,46935,authentic/46935
35744,/content/drive/MyDrive/bitirmeProjesi/dataset/train_images/forged/35744.png,/content/drive/MyDrive/bitirmeProjesi/dataset/train_masks/35744.npy,1,forged,True,35744,forged/35744
22430,/content/drive/MyDrive/bitirmeProjesi/dataset/train_images/forged/22430.png,/content/drive/MyDrive/bitirmeProjesi/dataset/train_masks/22430.npy,1,forged,True,22430,forged/22430
15171,/content/drive/MyDrive/bitirmeProjesi/dataset/train_images/forged/15171.png,/content/drive/MyDrive/bitirmeProjesi/dataset/train_masks/15171.npy,1,forged,True,15171,forged/15171
37783,/content/drive/MyDrive/bitirmeProjesi/dataset/train_images/forged/37783.png,/content/drive/MyDrive/bitirmeProjesi/dataset/train_masks/37783.npy,1,forged,True,37783,forged/37783
6301,/content/drive/MyDrive/bitirmeProjesi/dataset/train_images/forged/6301.png,/content/drive/MyDrive/bitirmeProjesi/dataset/train_masks/6301.npy,1,forged,True,6301,forged/6301
45376,/content/drive/MyDrive/bitirmeProjesi/dataset/train_images/forged/45376.png,/content/drive/MyDrive/bitirmeProjesi/dataset/train_masks/45376.npy,1,forged,True,45376,forged/45376
37980,/content/drive/MyDrive/bitirmeProjesi/dataset/train_images/forged/37980.png,/content/drive/MyDrive/bitirmeProjesi/dataset/train_masks/37980.npy,1,forged,True,37980,forged/37980
63224,/content/drive/MyDrive/bitirmeProjesi/dataset/train_images/authentic/63224.png,,0,authentic,False,63224,authentic/63224
14999,/content/drive/MyDrive/bitirmeProjesi/dataset/train_images/forged/14999.png,/content/drive/MyDrive/bitirmeProjesi/dataset/train_masks/14999.npy,1,forged,True,14999,forged/14999
24867,/content/drive/MyDrive/bitirmeProjesi/dataset/train_images/forged/24867.png,/content/drive/MyDrive/bitirmeProjesi/dataset/train_masks/24867.npy,1,forged,True,24867,forged/24867
2961,/content/drive/MyDrive/bitirmeProjesi/dataset/train_images/authentic/2961.png,,0,authentic,False,2961,authentic/2961
31222,/content/drive/MyDrive/bitirmeProjesi/dataset/train_images/forged/31222.png,/content/drive/MyDrive/bitirmeProjesi/dataset/train_masks/31222.npy,1,forged,True,31222,forged/31222
7716,/content/drive/MyDrive/bitirmeProjesi/dataset/train_images/forged/7716.png,/content/drive/MyDrive/bitirmeProjesi/dataset/train_masks/7716.npy,1,forged,True,7716,forged/7716
45133,/content/drive/MyDrive/bitirmeProjesi/dataset/train_images/authentic/45133.png,,0,authentic,False,45133,authentic/45133
10636,/content/drive/MyDrive/bitirmeProjesi/dataset/train_images/authentic/10636.png,,0,authentic,False,10636,authentic/10636
47405,/content/drive/MyDrive/bitirmeProjesi/dataset/train_images/authentic/47405.png,,0,authentic,False,47405,authentic/47405
48981,/content/drive/MyDrive/bitirmeProjesi/dataset/train_images/authentic/48981.png,,0,authentic,False,48981,authentic/48981
28496,/content/drive/MyDrive/bitirmeProjesi/dataset/train_images/forged/28496.png,/content/drive/MyDrive/bitirmeProjesi/dataset/train_masks/28496.npy,1,forged,True,28496,forged/28496
57875,/content/drive/MyDrive/bitirmeProjesi/dataset/train_images/forged/57875.png,/content/drive/MyDrive/bitirmeProjesi/dataset/train_masks/57875.npy,1,forged,True,57875,forged/57875
4490,/content/drive/MyDrive/bitirmeProjesi/dataset/train_images/authentic/4490.png,,0,authentic,False,4490,authentic/4490
35094,/content/drive/MyDrive/bitirmeProjesi/dataset/train_images/authentic/35094.png,,0,authentic,False,35094,authentic/35094
46698,/content/drive/MyDrive/bitirmeProjesi/dataset/train_images/forged/46698.png,/content/drive/MyDrive/bitirmeProjesi/dataset/train_masks/46698.npy,1,forged,True,46698,forged/46698
20379,/content/drive/MyDrive/bitirmeProjesi/dataset/train_images/forged/20379.png,/content/drive/MyDrive/bitirmeProjesi/dataset/train_masks/20379.npy,1,forged,True,20379,forged/20379
45958,/content/drive/MyDrive/bitirmeProjesi/dataset/train_images/authentic/45958.png,,0,authentic,False,45958,authentic/45958
16751,/content/drive/MyDrive/bitirmeProjesi/dataset/train_images/forged/16751.png,/content/drive/MyDrive/bitirmeProjesi/dataset/train_masks/16751.npy,1,forged,True,16751,forged/16751
63046,/content/drive/MyDrive/bitirmeProjesi/dataset/train_images/forged/63046.png,/content/drive/MyDrive/bitirmeProjesi/dataset/train_masks/63046.npy,1,forged,True,63046,forged/63046
51277,/content/drive/MyDrive/bitirmeProjesi/dataset/train_images/forged/51277.png,/content/drive/MyDrive/bitirmeProjesi/dataset/train_masks/51277.npy,1,forged,True,51277,forged/51277
14690,/content/drive/MyDrive/bitirmeProjesi/dataset/train_images/authentic/14690.png,,0,authentic,False,14690,authentic/14690
43368,/content/drive/MyDrive/bitirmeProjesi/dataset/train_images/forged/43368.png,/content/drive/MyDrive/bitirmeProjesi/dataset/train_masks/43368.npy,1,forged,True,43368,forged/43368
33928,/content/drive/MyDrive/bitirmeProjesi/dataset/train_images/authentic/33928.png,,0,authentic,False,33928,authentic/33928
5227,/content/drive/MyDrive/bitirmeProjesi/dataset/train_images/authentic/5227.png,,0,authentic,False,5227,authentic/5227
15453,/content/drive/MyDrive/bitirmeProjesi/dataset/train_images/authentic/15453.png,,0,authentic,False,15453,authentic/15453
62628,/content/drive/MyDrive/bitirmeProjesi/dataset/train_images/forged/62628.png,/content/drive/MyDrive/bitirmeProjesi/dataset/train_masks/62628.npy,1,forged,True,62628,forged/62628
38633,/content/drive/MyDrive/bitirmeProjesi/dataset/train_images/authentic/38633.png,,0,authentic,False,38633,authentic/38633
31942,/content/drive/MyDrive/bitirmeProjesi/dataset/train_images/authentic/31942.png,,0,authentic,False,31942,authentic/31942
63456,/content/drive/MyDrive/bitirmeProjesi/dataset/train_images/authentic/63456.png,,0,authentic,False,63456,authentic/63456
59453,/content/drive/MyDrive/bitirmeProjesi/dataset/train_images/authentic/59453.png,,0,authentic,False,59453,authentic/59453
26581,/content/drive/MyDrive/bitirmeProjesi/dataset/train_images/forged/26581.png,/content/drive/MyDrive/bitirmeProjesi/dataset/train_masks/26581.npy,1,forged,True,26581,forged/26581
61270,/content/drive/MyDrive/bitirmeProjesi/dataset/train_images/forged/61270.png,/content/drive/MyDrive/bitirmeProjesi/dataset/train_masks/61270.npy,1,forged,True,61270,forged/61270
43161,/content/drive/MyDrive/bitirmeProjesi/dataset/train_images/forged/43161.png,/content/drive/MyDrive/bitirmeProjesi/dataset/train_masks/43161.npy,1,forged,True,43161,forged/43161
45269,/content/drive/MyDrive/bitirmeProjesi/dataset/train_images/forged/45269.png,/content/drive/MyDrive/bitirmeProjesi/dataset/train_masks/45269.npy,1,forged,True,45269,forged/45269
65399,/content/drive/MyDrive/bitirmeProjesi/dataset/train_images/forged/65399.png,/content/drive/MyDrive/bitirmeProjesi/dataset/train_masks/65399.npy,1,forged,True,65399,forged/65399
32061,/content/drive/MyDrive/bitirmeProjesi/dataset/train_images/forged/32061.png,/content/drive/MyDrive/bitirmeProjesi/dataset/train_masks/32061.npy,1,forged,True,32061,forged/32061
14664,/content/drive/MyDrive/bitirmeProjesi/dataset/train_images/authentic/14664.png,,0,authentic,False,14664,authentic/14664
35471,/content/drive/MyDrive/bitirmeProjesi/dataset/train_images/forged/35471.png,/content/drive/MyDrive/bitirmeProjesi/dataset/train_masks/35471.npy,1,forged,True,35471,forged/35471
28002,/content/drive/MyDrive/bitirmeProjesi/dataset/train_images/forged/28002.png,/content/drive/MyDrive/bitirmeProjesi/dataset/train_masks/28002.npy,1,forged,True,28002,forged/28002
40960,/content/drive/MyDrive/bitirmeProjesi/dataset/train_images/forged/40960.png,/content/drive/MyDrive/bitirmeProjesi/dataset/train_masks/40960.npy,1,forged,True,40960,forged/40960
31245,/content/drive/MyDrive/bitirmeProjesi/dataset/train_images/forged/31245.png,/content/drive/MyDrive/bitirmeProjesi/dataset/train_masks/31245.npy,1,forged,True,31245,forged/31245
6892,/content/drive/MyDrive/bitirmeProjesi/dataset/train_images/forged/6892.png,/content/drive/MyDrive/bitirmeProjesi/dataset/train_masks/6892.npy,1,forged,True,6892,forged/6892
49541,/content/drive/MyDrive/bitirmeProjesi/dataset/train_images/forged/49541.png,/content/drive/MyDrive/bitirmeProjesi/dataset/train_masks/49541.npy,1,forged,True,49541,forged/49541
51924,/content/drive/MyDrive/bitirmeProjesi/dataset/train_images/authentic/51924.png,,0,authentic,False,51924,authentic/51924
6696,/content/drive/MyDrive/bitirmeProjesi/dataset/train_images/forged/6696.png,/content/drive/MyDrive/bitirmeProjesi/dataset/train_masks/6696.npy,1,forged,True,6696,forged/6696
46547,/content/drive/MyDrive/bitirmeProjesi/dataset/train_images/forged/46547.png,/content/drive/MyDrive/bitirmeProjesi/dataset/train_masks/46547.npy,1,forged,True,46547,forged/46547
60705,/content/drive/MyDrive/bitirmeProjesi/dataset/train_images/forged/60705.png,/content/drive/MyDrive/bitirmeProjesi/dataset/train_masks/60705.npy,1,forged,True,60705,forged/60705
41125,/content/drive/MyDrive/bitirmeProjesi/dataset/train_images/authentic/41125.png,,0,authentic,False,41125,authentic/41125
33588,/content/drive/MyDrive/bitirmeProjesi/dataset/train_images/authentic/33588.png,,0,authentic,False,33588,authentic/33588
18554,/content/drive/MyDrive/bitirmeProjesi/dataset/train_images/forged/18554.png,/content/drive/MyDrive/bitirmeProjesi/dataset/train_masks/18554.npy,1,forged,True,18554,forged/18554
63306,/content/drive/MyDrive/bitirmeProjesi/dataset/train_images/authentic/63306.png,,0,authentic,False,63306,authentic/63306
47871,/content/drive/MyDrive/bitirmeProjesi/dataset/train_images/forged/47871.png,/content/drive/MyDrive/bitirmeProjesi/dataset/train_masks/47871.npy,1,forged,True,47871,forged/47871
20518,/content/drive/MyDrive/bitirmeProjesi/dataset/train_images/authentic/20518.png,,0,authentic,False,20518,authentic/20518
339,/content/drive/MyDrive/bitirmeProjesi/dataset/train_images/forged/339.png,/content/drive/MyDrive/bitirmeProjesi/dataset/train_masks/339.npy,1,forged,True,339,forged/339
44600,/content/drive/MyDrive/bitirmeProjesi/dataset/train_images/forged/44600.png,/content/drive/MyDrive/bitirmeProjesi/dataset/train_masks/44600.npy,1,forged,True,44600,forged/44600
842,/content/drive/MyDrive/bitirmeProjesi/dataset/train_images/authentic/842.png,,0,authentic,False,842,authentic/842
42083,/content/drive/MyDrive/bitirmeProjesi/dataset/train_images/forged/42083.png,/content/drive/MyDrive/bitirmeProjesi/dataset/train_masks/42083.npy,1,forged,True,42083,forged/42083
41565,/content/drive/MyDrive/bitirmeProjesi/dataset/train_images/authentic/41565.png,,0,authentic,False,41565,authentic/41565
2506,/content/drive/MyDrive/bitirmeProjesi/dataset/train_images/forged/2506.png,/content/drive/MyDrive/bitirmeProjesi/dataset/train_masks/2506.npy,1,forged,True,2506,forged/2506
25311,/content/drive/MyDrive/bitirmeProjesi/dataset/train_images/authentic/25311.png,,0,authentic,False,25311,authentic/25311
16184,/content/drive/MyDrive/bitirmeProjesi/dataset/train_images/authentic/16184.png,,0,authentic,False,16184,authentic/16184
8431,/content/drive/MyDrive/bitirmeProjesi/dataset/train_images/authentic/8431.png,,0,authentic,False,8431,authentic/8431
46733,/content/drive/MyDrive/bitirmeProjesi/dataset/train_images/authentic/46733.png,,0,authentic,False,46733,authentic/46733
3598,/content/drive/MyDrive/bitirmeProjesi/dataset/train_images/forged/3598.png,/content/drive/MyDrive/bitirmeProjesi/dataset/train_masks/3598.npy,1,forged,True,3598,forged/3598
19332,/content/drive/MyDrive/bitirmeProjesi/dataset/train_images/forged/19332.png,/content/drive/MyDrive/bitirmeProjesi/dataset/train_masks/19332.npy,1,forged,True,19332,forged/19332
56339,/content/drive/MyDrive/bitirmeProjesi/dataset/train_images/forged/56339.png,/content/drive/MyDrive/bitirmeProjesi/dataset/train_masks/56339.npy,1,forged,True,56339,forged/56339
58710,/content/drive/MyDrive/bitirmeProjesi/dataset/train_images/forged/58710.png,/content/drive/MyDrive/bitirmeProjesi/dataset/train_masks/58710.npy,1,forged,True,58710,forged/58710
8721,/content/drive/MyDrive/bitirmeProjesi/dataset/train_images/forged/8721.png,/content/drive/MyDrive/bitirmeProjesi/dataset/train_masks/8721.npy,1,forged,True,8721,forged/8721
420,/content/drive/MyDrive/bitirmeProjesi/dataset/train_images/forged/420.png,/content/drive/MyDrive/bitirmeProjesi/dataset/train_masks/420.npy,1,forged,True,420,forged/420
36707,/content/drive/MyDrive/bitirmeProjesi/dataset/train_images/authentic/36707.png,,0,authentic,False,36707,authentic/36707
54553,/content/drive/MyDrive/bitirmeProjesi/dataset/train_images/authentic/54553.png,,0,authentic,False,54553,authentic/54553
1625,/content/drive/MyDrive/bitirmeProjesi/dataset/train_images/forged/1625.png,/content/drive/MyDrive/bitirmeProjesi/dataset/train_masks/1625.npy,1,forged,True,1625,forged/1625
63427,/content/drive/MyDrive/bitirmeProjesi/dataset/train_images/forged/63427.png,/content/drive/MyDrive/bitirmeProjesi/dataset/train_masks/63427.npy,1,forged,True,63427,forged/63427
2064,/content/drive/MyDrive/bitirmeProjesi/dataset/train_images/authentic/2064.png,,0,authentic,False,2064,authentic/2064
37164,/content/drive/MyDrive/bitirmeProjesi/dataset/train_images/authentic/37164.png,,0,authentic,False,37164,authentic/37164
50573,/content/drive/MyDrive/bitirmeProjesi/dataset/train_images/authentic/50573.png,,0,authentic,False,50573,authentic/50573
52205,/content/drive/MyDrive/bitirmeProjesi/dataset/train_images/authentic/52205.png,,0,authentic,False,52205,authentic/52205
15269,/content/drive/MyDrive/bitirmeProjesi/dataset/train_images/authentic/15269.png,,0,authentic,False,15269,authentic/15269
34255,/content/drive/MyDrive/bitirmeProjesi/dataset/train_images/authentic/34255.png,,0,authentic,False,34255,authentic/34255
35885,/content/drive/MyDrive/bitirmeProjesi/dataset/train_images/authentic/35885.png,,0,authentic,False,35885,authentic/35885
3483,/content/drive/MyDrive/bitirmeProjesi/dataset/train_images/forged/3483.png,/content/drive/MyDrive/bitirmeProjesi/dataset/train_masks/3483.npy,1,forged,True,3483,forged/3483
38495,/content/drive/MyDrive/bitirmeProjesi/dataset/train_images/forged/38495.png,/content/drive/MyDrive/bitirmeProjesi/dataset/train_masks/38495.npy,1,forged,True,38495,forged/38495
40974,/content/drive/MyDrive/bitirmeProjesi/dataset/train_images/authentic/40974.png,,0,authentic,False,40974,authentic/40974
53137,/content/drive/MyDrive/bitirmeProjesi/dataset/train_images/forged/53137.png,/content/drive/MyDrive/bitirmeProjesi/dataset/train_masks/53137.npy,1,forged,True,53137,forged/53137
30389,/content/drive/MyDrive/bitirmeProjesi/dataset/train_images/authentic/30389.png,,0,authentic,False,30389,authentic/30389
39573,/content/drive/MyDrive/bitirmeProjesi/dataset/train_images/authentic/39573.png,,0,authentic,False,39573,authentic/39573
11128,/content/drive/MyDrive/bitirmeProjesi/dataset/train_images/authentic/11128.png,,0,authentic,False,11128,authentic/11128
11501,/content/drive/MyDrive/bitirmeProjesi/dataset/train_images/forged/11501.png,/content/drive/MyDrive/bitirmeProjesi/dataset/train_masks/11501.npy,1,forged,True,11501,forged/11501
64449,/content/drive/MyDrive/bitirmeProjesi/dataset/train_images/authentic/64449.png,,0,authentic,False,64449,authentic/64449
63834,/content/drive/MyDrive/bitirmeProjesi/dataset/train_images/forged/63834.png,/content/drive/MyDrive/bitirmeProjesi/dataset/train_masks/63834.npy,1,forged,True,63834,forged/63834
40718,/content/drive/MyDrive/bitirmeProjesi/dataset/train_images/forged/40718.png,/content/drive/MyDrive/bitirmeProjesi/dataset/train_masks/40718.npy,1,forged,True,40718,forged/40718
55025,/content/drive/MyDrive/bitirmeProjesi/dataset/train_images/authentic/55025.png,,0,authentic,False,55025,authentic/55025
45878,/content/drive/MyDrive/bitirmeProjesi/dataset/train_images/forged/45878.png,/content/drive/MyDrive/bitirmeProjesi/dataset/train_masks/45878.npy,1,forged,True,45878,forged/45878
18017,/content/drive/MyDrive/bitirmeProjesi/dataset/train_images/authentic/18017.png,,0,authentic,False,18017,authentic/18017
11299,/content/drive/MyDrive/bitirmeProjesi/dataset/train_images/authentic/11299.png,,0,authentic,False,11299,authentic/11299
51342,/content/drive/MyDrive/bitirmeProjesi/dataset/train_images/authentic/51342.png,,0,authentic,False,51342,authentic/51342
26021,/content/drive/MyDrive/bitirmeProjesi/dataset/train_images/forged/26021.png,/content/drive/MyDrive/bitirmeProjesi/dataset/train_masks/26021.npy,1,forged,True,26021,forged/26021
24402,/content/drive/MyDrive/bitirmeProjesi/dataset/train_images/forged/24402.png,/content/drive/MyDrive/bitirmeProjesi/dataset/train_masks/24402.npy,1,forged,True,24402,forged/24402
22226,/content/drive/MyDrive/bitirmeProjesi/dataset/train_images/authentic/22226.png,,0,authentic,False,22226,authentic/22226
29894,/content/drive/MyDrive/bitirmeProjesi/dataset/train_images/authentic/29894.png,,0,authentic,False,29894,authentic/29894
53963,/content/drive/MyDrive/bitirmeProjesi/dataset/train_images/forged/53963.png,/content/drive/MyDrive/bitirmeProjesi/dataset/train_masks/53963.npy,1,forged,True,53963,forged/53963
57085,/content/drive/MyDrive/bitirmeProjesi/dataset/train_images/forged/57085.png,/content/drive/MyDrive/bitirmeProjesi/dataset/train_masks/57085.npy,1,forged,True,57085,forged/57085
38129,/content/drive/MyDrive/bitirmeProjesi/dataset/train_images/authentic/38129.png,,0,authentic,False,38129,authentic/38129
26148,/content/drive/MyDrive/bitirmeProjesi/dataset/train_images/authentic/26148.png,,0,authentic,False,26148,authentic/26148
54544,/content/drive/MyDrive/bitirmeProjesi/dataset/train_images/authentic/54544.png,,0,authentic,False,54544,authentic/54544
40859,/content/drive/MyDrive/bitirmeProjesi/dataset/train_images/authentic/40859.png,,0,authentic,False,40859,authentic/40859
35522,/content/drive/MyDrive/bitirmeProjesi/dataset/train_images/authentic/35522.png,,0,authentic,False,35522,authentic/35522
64773,/content/drive/MyDrive/bitirmeProjesi/dataset/train_images/forged/64773.png,/content/drive/MyDrive/bitirmeProjesi/dataset/train_masks/64773.npy,1,forged,True,64773,forged/64773
61072,/content/drive/MyDrive/bitirmeProjesi/dataset/train_images/authentic/61072.png,,0,authentic,False,61072,authentic/61072
36648,/content/drive/MyDrive/bitirmeProjesi/dataset/train_images/forged/36648.png,/content/drive/MyDrive/bitirmeProjesi/dataset/train_masks/36648.npy,1,forged,True,36648,forged/36648
54543,/content/drive/MyDrive/bitirmeProjesi/dataset/train_images/forged/54543.png,/content/drive/MyDrive/bitirmeProjesi/dataset/train_masks/54543.npy,1,forged,True,54543,forged/54543
11223,/content/drive/MyDrive/bitirmeProjesi/dataset/train_images/authentic/11223.png,,0,authentic,False,11223,authentic/11223
56472,/content/drive/MyDrive/bitirmeProjesi/dataset/train_images/forged/56472.png,/content/drive/MyDrive/bitirmeProjesi/dataset/train_masks/56472.npy,1,forged,True,56472,forged/56472
55291,/content/drive/MyDrive/bitirmeProjesi/dataset/train_images/forged/55291.png,/content/drive/MyDrive/bitirmeProjesi/dataset/train_masks/55291.npy,1,forged,True,55291,forged/55291
36295,/content/drive/MyDrive/bitirmeProjesi/dataset/train_images/forged/36295.png,/content/drive/MyDrive/bitirmeProjesi/dataset/train_masks/36295.npy,1,forged,True,36295,forged/36295
61338,/content/drive/MyDrive/bitirmeProjesi/dataset/train_images/forged/61338.png,/content/drive/MyDrive/bitirmeProjesi/dataset/train_masks/61338.npy,1,forged,True,61338,forged/61338
20498,/content/drive/MyDrive/bitirmeProjesi/dataset/train_images/authentic/20498.png,,0,authentic,False,20498,authentic/20498
58910,/content/drive/MyDrive/bitirmeProjesi/dataset/train_images/authentic/58910.png,,0,authentic,False,58910,authentic/58910
33199,/content/drive/MyDrive/bitirmeProjesi/dataset/train_images/forged/33199.png,/content/drive/MyDrive/bitirmeProjesi/dataset/train_masks/33199.npy,1,forged,True,33199,forged/33199
54974,/content/drive/MyDrive/bitirmeProjesi/dataset/train_images/forged/54974.png,/content/drive/MyDrive/bitirmeProjesi/dataset/train_masks/54974.npy,1,forged,True,54974,forged/54974
41583,/content/drive/MyDrive/bitirmeProjesi/dataset/train_images/authentic/41583.png,,0,authentic,False,41583,authentic/41583
765,/content/drive/MyDrive/bitirmeProjesi/dataset/train_images/forged/765.png,/content/drive/MyDrive/bitirmeProjesi/dataset/train_masks/765.npy,1,forged,True,765,forged/765
1638,/content/drive/MyDrive/bitirmeProjesi/dataset/train_images/authentic/1638.png,,0,authentic,False,1638,authentic/1638
4222,/content/drive/MyDrive/bitirmeProjesi/dataset/train_images/forged/4222.png,/content/drive/MyDrive/bitirmeProjesi/dataset/train_masks/4222.npy,1,forged,True,4222,forged/4222
11548,/content/drive/MyDrive/bitirmeProjesi/dataset/train_images/forged/11548.png,/content/drive/MyDrive/bitirmeProjesi/dataset/train_masks/11548.npy,1,forged,True,11548,forged/11548
29234,/content/drive/MyDrive/bitirmeProjesi/dataset/train_images/forged/29234.png,/content/drive/MyDrive/bitirmeProjesi/dataset/train_masks/29234.npy,1,forged,True,29234,forged/29234
55790,/content/drive/MyDrive/bitirmeProjesi/dataset/train_images/forged/55790.png,/content/drive/MyDrive/bitirmeProjesi/dataset/train_masks/55790.npy,1,forged,True,55790,forged/55790
35933,/content/drive/MyDrive/bitirmeProjesi/dataset/train_images/forged/35933.png,/content/drive/MyDrive/bitirmeProjesi/dataset/train_masks/35933.npy,1,forged,True,35933,forged/35933
12364,/content/drive/MyDrive/bitirmeProjesi/dataset/train_images/authentic/12364.png,,0,authentic,False,12364,authentic/12364
14184,/content/drive/MyDrive/bitirmeProjesi/dataset/train_images/forged/14184.png,/content/drive/MyDrive/bitirmeProjesi/dataset/train_masks/14184.npy,1,forged,True,14184,forged/14184
55762,/content/drive/MyDrive/bitirmeProjesi/dataset/train_images/forged/55762.png,/content/drive/MyDrive/bitirmeProjesi/dataset/train_masks/55762.npy,1,forged,True,55762,forged/55762
4772,/content/drive/MyDrive/bitirmeProjesi/dataset/train_images/forged/4772.png,/content/drive/MyDrive/bitirmeProjesi/dataset/train_masks/4772.npy,1,forged,True,4772,forged/4772
4740,/content/drive/MyDrive/bitirmeProjesi/dataset/train_images/forged/4740.png,/content/drive/MyDrive/bitirmeProjesi/dataset/train_masks/4740.npy,1,forged,True,4740,forged/4740
33199,/content/drive/MyDrive/bitirmeProjesi/dataset/train_images/authentic/33199.png,,0,authentic,False,33199,authentic/33199
25861,/content/drive/MyDrive/bitirmeProjesi/dataset/train_images/forged/25861.png,/content/drive/MyDrive/bitirmeProjesi/dataset/train_masks/25861.npy,1,forged,True,25861,forged/25861
1587,/content/drive/MyDrive/bitirmeProjesi/dataset/train_images/forged/1587.png,/content/drive/MyDrive/bitirmeProjesi/dataset/train_masks/1587.npy,1,forged,True,1587,forged/1587
11513,/content/drive/MyDrive/bitirmeProjesi/dataset/train_images/authentic/11513.png,,0,authentic,False,11513,authentic/11513
37280,/content/drive/MyDrive/bitirmeProjesi/dataset/train_images/authentic/37280.png,,0,authentic,False,37280,authentic/37280
14720,/content/drive/MyDrive/bitirmeProjesi/dataset/train_images/forged/14720.png,/content/drive/MyDrive/bitirmeProjesi/dataset/train_masks/14720.npy,1,forged,True,14720,forged/14720
21652,/content/drive/MyDrive/bitirmeProjesi/dataset/train_images/authentic/21652.png,,0,authentic,False,21652,authentic/21652
17418,/content/drive/MyDrive/bitirmeProjesi/dataset/train_images/authentic/17418.png,,0,authentic,False,17418,authentic/17418
54386,/content/drive/MyDrive/bitirmeProjesi/dataset/train_images/forged/54386.png,/content/drive/MyDrive/bitirmeProjesi/dataset/train_masks/54386.npy,1,forged,True,54386,forged/54386
33160,/content/drive/MyDrive/bitirmeProjesi/dataset/train_images/forged/33160.png,/content/drive/MyDrive/bitirmeProjesi/dataset/train_masks/33160.npy,1,forged,True,33160,forged/33160
24332,/content/drive/MyDrive/bitirmeProjesi/dataset/train_images/forged/24332.png,/content/drive/MyDrive/bitirmeProjesi/dataset/train_masks/24332.npy,1,forged,True,24332,forged/24332
59710,/content/drive/MyDrive/bitirmeProjesi/dataset/train_images/authentic/59710.png,,0,authentic,False,59710,authentic/59710
24749,/content/drive/MyDrive/bitirmeProjesi/dataset/train_images/forged/24749.png,/content/drive/MyDrive/bitirmeProjesi/dataset/train_masks/24749.npy,1,forged,True,24749,forged/24749
38500,/content/drive/MyDrive/bitirmeProjesi/dataset/train_images/authentic/38500.png,,0,authentic,False,38500,authentic/38500
37361,/content/drive/MyDrive/bitirmeProjesi/dataset/train_images/authentic/37361.png,,0,authentic,False,37361,authentic/37361
176,/content/drive/MyDrive/bitirmeProjesi/dataset/train_images/forged/176.png,/content/drive/MyDrive/bitirmeProjesi/dataset/train_masks/176.npy,1,forged,True,176,forged/176
54880,/content/drive/MyDrive/bitirmeProjesi/dataset/train_images/authentic/54880.png,,0,authentic,False,54880,authentic/54880
36597,/content/drive/MyDrive/bitirmeProjesi/dataset/train_images/authentic/36597.png,,0,authentic,False,36597,authentic/36597
50983,/content/drive/MyDrive/bitirmeProjesi/dataset/train_images/authentic/50983.png,,0,authentic,False,50983,authentic/50983
23428,/content/drive/MyDrive/bitirmeProjesi/dataset/train_images/forged/23428.png,/content/drive/MyDrive/bitirmeProjesi/dataset/train_masks/23428.npy,1,forged,True,23428,forged/23428
30476,/content/drive/MyDrive/bitirmeProjesi/dataset/train_images/forged/30476.png,/content/drive/MyDrive/bitirmeProjesi/dataset/train_masks/30476.npy,1,forged,True,30476,forged/30476
21773,/content/drive/MyDrive/bitirmeProjesi/dataset/train_images/forged/21773.png,/content/drive/MyDrive/bitirmeProjesi/dataset/train_masks/21773.npy,1,forged,True,21773,forged/21773
7130,/content/drive/MyDrive/bitirmeProjesi/dataset/train_images/forged/7130.png,/content/drive/MyDrive/bitirmeProjesi/dataset/train_masks/7130.npy,1,forged,True,7130,forged/7130
48255,/content/drive/MyDrive/bitirmeProjesi/dataset/train_images/forged/48255.png,/content/drive/MyDrive/bitirmeProjesi/dataset/train_masks/48255.npy,1,forged,True,48255,forged/48255
8266,/content/drive/MyDrive/bitirmeProjesi/dataset/train_images/forged/8266.png,/content/drive/MyDrive/bitirmeProjesi/dataset/train_masks/8266.npy,1,forged,True,8266,forged/8266
40373,/content/drive/MyDrive/bitirmeProjesi/dataset/train_images/authentic/40373.png,,0,authentic,False,40373,authentic/40373
12823,/content/drive/MyDrive/bitirmeProjesi/dataset/train_images/authentic/12823.png,,0,authentic,False,12823,authentic/12823
